{
  "results": [
    {
      "command": "./scripts/target/add_sub.sh -j 72 --ir-func-name AddSub --log-prog-name AddSub.72  ",
      "mean": 38.629707591153334,
      "stddev": 1.293290220155306,
      "median": 39.30906515582,
      "user": 1534.5306127533331,
      "system": 57.44608877333334,
      "min": 37.13831071482,
      "max": 39.44174690282,
      "times": [
        37.13831071482,
        39.44174690282,
        39.30906515582
      ],
      "exit_codes": [
        0,
        0,
        0
      ]
    }
  ]
}
