{
  "results": [
    {
      "command": "./scripts/target/add_sub.sh -j 48 --ir-func-name AddSub --log-prog-name AddSub.48  ",
      "mean": 46.81137721958666,
      "stddev": 1.352529533830219,
      "median": 46.793004237919995,
      "user": 1467.03543114,
      "system": 48.25463619999999,
      "min": 45.46812777292,
      "max": 48.172999647919994,
      "times": [
        45.46812777292,
        48.172999647919994,
        46.793004237919995
      ],
      "exit_codes": [
        0,
        0,
        0
      ]
    }
  ]
}
