{
  "results": [
    {
      "command": "./scripts/target/add_sub.sh -j 16 --ir-func-name AddSub --log-prog-name AddSub.16  ",
      "mean": 95.30161304547335,
      "stddev": 6.638765344034698,
      "median": 97.53470737314001,
      "user": 1175.52381748,
      "system": 32.302199566666665,
      "min": 87.83422557614,
      "max": 100.53590618714,
      "times": [
        87.83422557614,
        100.53590618714,
        97.53470737314001
      ],
      "exit_codes": [
        0,
        0,
        0
      ]
    }
  ]
}
