{
  "results": [
    {
      "command": "./scripts/target/add_sub.sh -j 24 --ir-func-name AddSub --log-prog-name AddSub.24  ",
      "mean": 67.16127961355333,
      "stddev": 2.1776232713322217,
      "median": 66.63745731422,
      "user": 1238.5262261266664,
      "system": 35.79458554000001,
      "min": 65.29334317221999,
      "max": 69.55303835421999,
      "times": [
        66.63745731422,
        69.55303835421999,
        65.29334317221999
      ],
      "exit_codes": [
        0,
        0,
        0
      ]
    }
  ]
}
