{
  "results": [
    {
      "command": "./scripts/target/add_sub.sh -j 8 --ir-func-name AddSub --log-prog-name AddSub.8  ",
      "mean": 123.55022997120666,
      "stddev": 22.745648042432876,
      "median": 130.91579967554,
      "user": 776.3030698133333,
      "system": 19.362038106666667,
      "min": 98.03453894354,
      "max": 141.70035129453998,
      "times": [
        98.03453894354,
        130.91579967554,
        141.70035129453998
      ],
      "exit_codes": [
        0,
        0,
        0
      ]
    }
  ]
}
