{
  "results": [
    {
      "command": "./scripts/target/add_sub.sh -j 4 --ir-func-name AddSub --log-prog-name AddSub.4  ",
      "mean": 145.35898472588667,
      "stddev": 21.64670180910304,
      "median": 138.37631188122,
      "user": 396.0337876333333,
      "system": 10.966084966666665,
      "min": 128.06543699722,
      "max": 169.63520529922,
      "times": [
        169.63520529922,
        128.06543699722,
        138.37631188122
      ],
      "exit_codes": [
        0,
        0,
        0
      ]
    }
  ]
}
