{
  "results": [
    {
      "command": "./scripts/target/add_sub.sh -j 2 --ir-func-name AddSub --log-prog-name AddSub.2  ",
      "mean": 208.25950075541334,
      "stddev": 27.50557168128826,
      "median": 197.73733533708003,
      "user": 346.40062255999993,
      "system": 9.713723066666665,
      "min": 187.56832923308002,
      "max": 239.47283769608,
      "times": [
        239.47283769608,
        187.56832923308002,
        197.73733533708003
      ],
      "exit_codes": [
        0,
        0,
        0
      ]
    }
  ]
}
