{
  "results": [
    {
      "command": "./scripts/target/add_sub.sh -j 1 --ir-func-name AddSub --log-prog-name AddSub.1  ",
      "mean": 349.0934301168267,
      "stddev": 20.02692227804101,
      "median": 354.98902848916,
      "user": 364.4131858266667,
      "system": 7.176257153333334,
      "min": 326.78048038116,
      "max": 365.51078148016,
      "times": [
        354.98902848916,
        365.51078148016,
        326.78048038116
      ],
      "exit_codes": [
        0,
        0,
        0
      ]
    }
  ]
}
