{
  "results": [
    {
      "command": "./scripts/target/concat.sh -j 1 --ir-func-name ConcatUpperUpper --log-prog-name ConcatUpperUpper.1  ",
      "mean": 16.167490367366668,
      "stddev": 9.069847703067875,
      "median": 11.0629716947,
      "user": 14.153529759999998,
      "system": 2.1698770599999997,
      "min": 10.8001503327,
      "max": 26.6393490747,
      "times": [
        26.6393490747,
        10.8001503327,
        11.0629716947
      ],
      "exit_codes": [
        0,
        0,
        0
      ]
    }
  ]
}
