{
  "results": [
    {
      "command": "./scripts/target/concat.sh -j 48 --ir-func-name ConcatUpperUpper --log-prog-name ConcatUpperUpper.48  ",
      "mean": 8.894118259513334,
      "stddev": 0.2565925745015374,
      "median": 8.79981026318,
      "user": 51.59083877333333,
      "system": 6.9879495533333325,
      "min": 8.698024954180001,
      "max": 9.18451956118,
      "times": [
        9.18451956118,
        8.698024954180001,
        8.79981026318
      ],
      "exit_codes": [
        0,
        0,
        0
      ]
    }
  ]
}
