{
  "results": [
    {
      "command": "./scripts/target/lt128.sh -j 72 --ir-func-name Lt128 --sketch-selector=fixed_cmp_inferred_6 --log-prog-name Lt128.Fixed.72 ",
      "mean": 177.23792983524666,
      "stddev": 4.671138337751513,
      "median": 176.04534051458,
      "user": 6372.80490268,
      "system": 220.19722828666667,
      "min": 173.27869692958,
      "max": 182.38975206158,
      "times": [
        173.27869692958,
        182.38975206158,
        176.04534051458
      ],
      "exit_codes": [
        0,
        0,
        0
      ]
    }
  ]
}
