{
  "results": [
    {
      "command": "./scripts/target/lt128.sh -j 8 --ir-func-name Lt128 --sketch-selector=fixed_cmp_inferred_6 --log-prog-name Lt128.Fixed.8 ",
      "mean": 897.0288453724,
      "stddev": 244.97377386113013,
      "median": 914.7942550864,
      "user": 3414.0013734666663,
      "system": 70.49390971333334,
      "min": 643.6559719134,
      "max": 1132.6363091174,
      "times": [
        914.7942550864,
        1132.6363091174,
        643.6559719134
      ],
      "exit_codes": [
        0,
        0,
        0
      ]
    }
  ]
}
