{
  "results": [
    {
      "command": "./scripts/target/min_max_128.sh -j 1 --ir-func-name Min128 --sketch-selector=fixed_cmp_optimal --log-prog-name Min128.Fixed.optimal.1 --target-cost 15 ",
      "mean": 11.732677438960001,
      "stddev": 0.015105453299469093,
      "median": 11.739750071960001,
      "user": 6.03905868,
      "system": 0.79951988,
      "min": 11.71533322196,
      "max": 11.742949022960001,
      "times": [
        11.739750071960001,
        11.742949022960001,
        11.71533322196
      ],
      "exit_codes": [
        0,
        0,
        0
      ]
    }
  ]
}
