{
  "results": [
    {
      "command": "./scripts/target/mul_even_odd.sh -j 48 --ir-func-name MulEven --log-prog-name MulEven.48 ",
      "mean": 792.3460756997866,
      "stddev": 14.317650371189771,
      "median": 790.8626591081199,
      "user": 23964.552794813335,
      "system": 535.2297648466666,
      "min": 778.82788502812,
      "max": 807.34768296312,
      "times": [
        807.34768296312,
        790.8626591081199,
        778.82788502812
      ],
      "exit_codes": [
        0,
        0,
        0
      ]
    }
  ]
}
