{
  "results": [
    {
      "command": "./scripts/target/mul_even_odd.sh -j 1 --ir-func-name MulEven --log-prog-name MulEven.1 ",
      "mean": 15217.519829179108,
      "stddev": 2874.076218766895,
      "median": 13780.65485587844,
      "user": 11581.004775233334,
      "system": 225.9024982,
      "min": 13345.22299811644,
      "max": 18526.68163354244,
      "times": [
        18526.68163354244,
        13780.65485587844,
        13345.22299811644
      ],
      "exit_codes": [
        0,
        0,
        0
      ]
    }
  ]
}
