{
  "results": [
    {
      "command": "./scripts/target/mul_even_odd.sh -j 4 --ir-func-name MulEven --log-prog-name MulEven.4 ",
      "mean": 4920.389556459854,
      "stddev": 724.0014470890732,
      "median": 4926.75872426752,
      "user": 14284.335518099999,
      "system": 230.59713088666663,
      "min": 4193.2245372795205,
      "max": 5641.1854078325205,
      "times": [
        4926.75872426752,
        5641.1854078325205,
        4193.2245372795205
      ],
      "exit_codes": [
        0,
        0,
        0
      ]
    }
  ]
}
