{
  "results": [
    {
      "command": "./scripts/target/mul_even_odd.sh -j 2 --ir-func-name MulEven --log-prog-name MulEven.2 ",
      "mean": 7250.543083978247,
      "stddev": 532.2166860070171,
      "median": 6999.0635487685795,
      "user": 10810.246029033335,
      "system": 181.50342954666664,
      "min": 6890.66661071758,
      "max": 7861.89909244858,
      "times": [
        7861.89909244858,
        6890.66661071758,
        6999.0635487685795
      ],
      "exit_codes": [
        0,
        0,
        0
      ]
    }
  ]
}
