{
  "results": [
    {
      "command": "./scripts/target/mul_even_odd.sh -j 16 --ir-func-name MulEven --log-prog-name MulEven.16 ",
      "mean": 1634.5807973766732,
      "stddev": 26.932529443126608,
      "median": 1644.33379315734,
      "user": 18516.532155353332,
      "system": 325.90274365999994,
      "min": 1604.13047601034,
      "max": 1655.27812296234,
      "times": [
        1604.13047601034,
        1644.33379315734,
        1655.27812296234
      ],
      "exit_codes": [
        0,
        0,
        0
      ]
    }
  ]
}
