{
  "results": [
    {
      "command": "./scripts/target/mul_even_odd.sh -j 8 --ir-func-name MulEven --log-prog-name MulEven.8 ",
      "mean": 2509.6185876760997,
      "stddev": 116.06893683109305,
      "median": 2516.0942287841,
      "user": 14333.757583386665,
      "system": 243.91007919333333,
      "min": 2390.4473912061,
      "max": 2622.3141430380997,
      "times": [
        2390.4473912061,
        2622.3141430380997,
        2516.0942287841
      ],
      "exit_codes": [
        0,
        0,
        0
      ]
    }
  ]
}
