{
  "results": [
    {
      "command": "./scripts/target/mul_even_odd.sh -j 1 --ir-func-name MulOdd --log-prog-name MulOdd.1 ",
      "mean": 10716.952974360067,
      "stddev": 292.7890068776232,
      "median": 10716.1331138674,
      "user": 8072.818697079999,
      "system": 162.03770297999998,
      "min": 10424.5747586374,
      "max": 11010.1510505754,
      "times": [
        11010.1510505754,
        10424.5747586374,
        10716.1331138674
      ],
      "exit_codes": [
        0,
        0,
        0
      ]
    }
  ]
}
