{
  "results": [
    {
      "command": "./scripts/target/mul_even_odd.sh -j 24 --ir-func-name MulOdd --log-prog-name MulOdd.24 ",
      "mean": 1490.52599719378,
      "stddev": 4.590890355772312,
      "median": 1488.49438561378,
      "user": 26343.299062566668,
      "system": 512.62495968,
      "min": 1487.30143860678,
      "max": 1495.78216736078,
      "times": [
        1487.30143860678,
        1495.78216736078,
        1488.49438561378
      ],
      "exit_codes": [
        0,
        0,
        0
      ]
    }
  ]
}
