{
  "results": [
    {
      "command": "./scripts/target/mul_even_odd.sh -j 48 --ir-func-name MulOdd --log-prog-name MulOdd.48 ",
      "mean": 920.3734038221734,
      "stddev": 16.664231107759417,
      "median": 925.54152079084,
      "user": 30909.754773779994,
      "system": 669.9292022200001,
      "min": 901.73741325284,
      "max": 933.84127742284,
      "times": [
        933.84127742284,
        925.54152079084,
        901.73741325284
      ],
      "exit_codes": [
        0,
        0,
        0
      ]
    }
  ]
}
