{
  "results": [
    {
      "command": "./scripts/target/mul_even_odd.sh -j 8 --ir-func-name MulOdd --log-prog-name MulOdd.8 ",
      "mean": 3272.638113405006,
      "stddev": 33.499784526001406,
      "median": 3254.53120685734,
      "user": 20513.58410590667,
      "system": 386.65322648666665,
      "min": 3252.08851760034,
      "max": 3311.2946157573397,
      "times": [
        3252.08851760034,
        3254.53120685734,
        3311.2946157573397
      ],
      "exit_codes": [
        0,
        0,
        0
      ]
    }
  ]
}
