{
  "results": [
    {
      "command": "./scripts/target/mul_even_odd.sh -j 2 --ir-func-name MulOdd --log-prog-name MulOdd.2 ",
      "mean": 6732.26787256704,
      "stddev": 180.00794171739503,
      "median": 6630.2538369860395,
      "user": 10427.1632833,
      "system": 187.03691514666664,
      "min": 6626.43831461804,
      "max": 6940.11146609704,
      "times": [
        6940.11146609704,
        6630.2538369860395,
        6626.43831461804
      ],
      "exit_codes": [
        0,
        0,
        0
      ]
    }
  ]
}
