{
  "results": [
    {
      "command": "./scripts/target/mul_even_odd.sh -j 72 --ir-func-name MulOdd --log-prog-name MulOdd.72 ",
      "mean": 795.1133001011534,
      "stddev": 21.58265623123917,
      "median": 782.95066204582,
      "user": 37891.934368953334,
      "system": 872.72875646,
      "min": 782.35679211382,
      "max": 820.03244614382,
      "times": [
        820.03244614382,
        782.35679211382,
        782.95066204582
      ],
      "exit_codes": [
        0,
        0,
        0
      ]
    }
  ]
}
