{
  "results": [
    {
      "command": "./scripts/target/mul_even_odd.sh -j 16 --ir-func-name MulOdd --log-prog-name MulOdd.16 ",
      "mean": 1953.2405729170932,
      "stddev": 145.89499909490604,
      "median": 1924.33002177876,
      "user": 23986.93183301333,
      "system": 437.21665649999994,
      "min": 1823.96524706276,
      "max": 2111.42644990976,
      "times": [
        1823.96524706276,
        2111.42644990976,
        1924.33002177876
      ],
      "exit_codes": [
        0,
        0,
        0
      ]
    }
  ]
}
