{
  "results": [
    {
      "command": "./scripts/target/mul_even_odd.sh -j 4 --ir-func-name MulOdd --log-prog-name MulOdd.4 ",
      "mean": 4063.811599901253,
      "stddev": 897.1591303012877,
      "median": 3560.25569298792,
      "user": 12553.23977808,
      "system": 225.56824491999998,
      "min": 3531.54995515992,
      "max": 5099.62915155592,
      "times": [
        5099.62915155592,
        3531.54995515992,
        3560.25569298792
      ],
      "exit_codes": [
        0,
        0,
        0
      ]
    }
  ]
}
