{
  "results": [
    {
      "command": "./scripts/target/hacker.sh stdlib_fixed_imm p01 -j 1 --log-prog-name p01.std.fixed.imm.1",
      "mean": 27.847609862413332,
      "stddev": 0.22491331879123913,
      "median": 27.84633301608,
      "user": 27.73158658,
      "system": 0.7220065133333334,
      "min": 27.62333768508,
      "max": 28.073158886079998,
      "times": [
        27.62333768508,
        28.073158886079998,
        27.84633301608
      ],
      "exit_codes": [
        0,
        0,
        0
      ]
    }
  ]
}
