{
  "results": [
    {
      "command": "./scripts/target/hacker.sh inferred p01 -j 1 --log-prog-name p01.1",
      "mean": 48.64963645654,
      "stddev": 75.39771414388618,
      "median": 5.2358057575400005,
      "user": 5.25324534,
      "system": 1.15557542,
      "min": 5.00179087654,
      "max": 135.71131273554,
      "times": [
        5.00179087654,
        135.71131273554,
        5.2358057575400005
      ],
      "exit_codes": [
        0,
        0,
        0
      ]
    }
  ]
}
