{
  "results": [
    {
      "command": "./scripts/target/hacker.sh inferred p01 -j 16 --log-prog-name p01.16",
      "mean": 12.147448224926668,
      "stddev": 9.102493862744156,
      "median": 7.19155272926,
      "user": 12.794587386666665,
      "system": 3.58216294,
      "min": 6.59827199226,
      "max": 22.65251995326,
      "times": [
        6.59827199226,
        22.65251995326,
        7.19155272926
      ],
      "exit_codes": [
        0,
        0,
        0
      ]
    }
  ]
}
