{
  "results": [
    {
      "command": "./scripts/target/hacker.sh inferred p01 -j 8 --log-prog-name p01.8",
      "mean": 77.72126796582667,
      "stddev": 74.18240316356886,
      "median": 73.16935640916,
      "user": 11.254233446666666,
      "system": 2.9555354866666668,
      "min": 5.91963593916,
      "max": 154.07481154916002,
      "times": [
        154.07481154916002,
        5.91963593916,
        73.16935640916
      ],
      "exit_codes": [
        0,
        0,
        0
      ]
    }
  ]
}
