{
  "results": [
    {
      "command": "./scripts/target/hacker.sh stdlib p01 -j 1 --log-prog-name p01.std.1",
      "mean": 44.10838662343334,
      "stddev": 0.48972019050231563,
      "median": 44.0608584341,
      "user": 44.10910202,
      "system": 0.81327864,
      "min": 43.6441633531,
      "max": 44.6201380831,
      "times": [
        44.0608584341,
        44.6201380831,
        43.6441633531
      ],
      "exit_codes": [
        0,
        0,
        0
      ]
    }
  ]
}
