{
  "results": [
    {
      "command": "./scripts/target/hacker.sh inferred p01 -j 2 --log-prog-name p01.2",
      "mean": 46.197739202413324,
      "stddev": 71.03975867598302,
      "median": 5.3190996880800006,
      "user": 5.523025353333334,
      "system": 1.3006137333333332,
      "min": 5.04688168808,
      "max": 128.22723623107998,
      "times": [
        5.04688168808,
        128.22723623107998,
        5.3190996880800006
      ],
      "exit_codes": [
        0,
        0,
        0
      ]
    }
  ]
}
