{
  "results": [
    {
      "command": "./scripts/target/hacker.sh inferred p01 -j 72 --log-prog-name p01.72",
      "mean": 9.760023256753334,
      "stddev": 0.08898687010105813,
      "median": 9.73449670342,
      "user": 31.5978302,
      "system": 12.856373646666666,
      "min": 9.68658932142,
      "max": 9.85898374542,
      "times": [
        9.85898374542,
        9.73449670342,
        9.68658932142
      ],
      "exit_codes": [
        0,
        0,
        0
      ]
    }
  ]
}
