{
  "results": [
    {
      "command": "./hacker.sh original-fixed-imm p01 -j 72 --log-prog-name p01.original.fixed.imm.72",
      "mean": 3.613873991626667,
      "stddev": 0.09209052010611703,
      "median": 3.58790440796,
      "user": 2.7504941733333332,
      "system": 0.3860707666666667,
      "min": 3.53755677096,
      "max": 3.71616079596,
      "times": [
        3.58790440796,
        3.71616079596,
        3.53755677096
      ],
      "exit_codes": [
        0,
        0,
        0
      ]
    }
  ]
}
