{
  "results": [
    {
      "command": "./scripts/target/hacker.sh inferred p01 -j 24 --log-prog-name p01.24",
      "mean": 7.2492489956399995,
      "stddev": 0.30123049577975824,
      "median": 7.1089085486400005,
      "user": 12.227399019999998,
      "system": 3.4147188399999995,
      "min": 7.04379586964,
      "max": 7.59504256864,
      "times": [
        7.04379586964,
        7.1089085486400005,
        7.59504256864
      ],
      "exit_codes": [
        0,
        0,
        0
      ]
    }
  ]
}
