{
  "results": [
    {
      "command": "./scripts/target/hacker.sh original p01 -j 1 --log-prog-name p01.original.1",
      "mean": 4.980550401946666,
      "stddev": 0.05418851675411909,
      "median": 4.98321130928,
      "user": 2.8730279133333334,
      "system": 0.4574091533333333,
      "min": 4.92508045228,
      "max": 5.033359444279999,
      "times": [
        4.98321130928,
        5.033359444279999,
        4.92508045228
      ],
      "exit_codes": [
        0,
        0,
        0
      ]
    }
  ]
}
