{
  "results": [
    {
      "command": "./scripts/target/hacker.sh inferred p01 -j 48 --log-prog-name p01.48",
      "mean": 8.719461138666666,
      "stddev": 0.3697296296045726,
      "median": 8.790213632,
      "user": 22.343472939999998,
      "system": 8.3816012,
      "min": 8.319467884,
      "max": 9.0487019,
      "times": [
        8.319467884,
        9.0487019,
        8.790213632
      ],
      "exit_codes": [
        0,
        0,
        0
      ]
    }
  ]
}
