{
  "results": [
    {
      "command": "./hacker.sh optimal-fixed-imm p01 -j 72 --log-prog-name p01.optimal.fixed.imm.72",
      "mean": 2.9723744628066666,
      "stddev": 0.05212873799601872,
      "median": 2.99950805414,
      "user": 2.3606495266666663,
      "system": 0.3922432533333333,
      "min": 2.91227561914,
      "max": 3.00533971514,
      "times": [
        2.99950805414,
        2.91227561914,
        3.00533971514
      ],
      "exit_codes": [
        0,
        0,
        0
      ]
    }
  ]
}
