{
  "results": [
    {
      "command": "./scripts/target/hacker.sh optimal p01 -j 72 --log-prog-name p01.optimal.72",
      "mean": 3.9576883756733334,
      "stddev": 0.1282957389311304,
      "median": 4.01798293934,
      "user": 2.5013981866666666,
      "system": 0.4553813666666667,
      "min": 3.81035226834,
      "max": 4.04472991934,
      "times": [
        3.81035226834,
        4.04472991934,
        4.01798293934
      ],
      "exit_codes": [
        0,
        0,
        0
      ]
    }
  ]
}
