{
  "results": [
    {
      "command": "./scripts/target/hacker.sh inferred p01 -j 4 --log-prog-name p01.4",
      "mean": 47.77659293755334,
      "stddev": 73.46031442687848,
      "median": 5.4895170662199995,
      "user": 6.736357853333334,
      "system": 1.7834266866666664,
      "min": 5.23912737622,
      "max": 132.60113437022,
      "times": [
        5.23912737622,
        132.60113437022,
        5.4895170662199995
      ],
      "exit_codes": [
        0,
        0,
        0
      ]
    }
  ]
}
