{
  "results": [
    {
      "command": "./scripts/target/hacker.sh optimal p01 -j 1 --log-prog-name p01.optimal.1",
      "mean": 98.03516765481332,
      "stddev": 78.85306960531743,
      "median": 135.26821150648,
      "user": 8.527873146666666,
      "system": 2.1651859066666668,
      "min": 7.45975524048,
      "max": 151.37753621747999,
      "times": [
        135.26821150648,
        151.37753621747999,
        7.45975524048
      ],
      "exit_codes": [
        0,
        0,
        0
      ]
    }
  ]
}
