{
  "results": [
    {
      "command": "./scripts/target/hacker.sh original p01 -j 72 --log-prog-name p01.original.72",
      "mean": 4.93567902344,
      "stddev": 0.0650123206907434,
      "median": 4.96125855944,
      "user": 2.8271417866666666,
      "system": 0.3919478,
      "min": 4.861767513439999,
      "max": 4.9840109974399995,
      "times": [
        4.861767513439999,
        4.96125855944,
        4.9840109974399995
      ],
      "exit_codes": [
        0,
        0,
        0
      ]
    }
  ]
}
