{
  "results": [
    {
      "command": "./scripts/target/hacker.sh inferred p02 -j 2 --log-prog-name p02.2",
      "mean": 39.93367106264666,
      "stddev": 58.7391297125398,
      "median": 6.33282439998,
      "user": 6.603818286666666,
      "system": 1.47639878,
      "min": 5.70936816198,
      "max": 107.75882062598,
      "times": [
        5.70936816198,
        107.75882062598,
        6.33282439998
      ],
      "exit_codes": [
        0,
        0,
        0
      ]
    }
  ]
}
