{
  "results": [
    {
      "command": "./scripts/target/hacker.sh inferred p02 -j 4 --log-prog-name p02.4",
      "mean": 61.66563377759334,
      "stddev": 59.82808111678173,
      "median": 49.70163680726,
      "user": 14.025160473333331,
      "system": 3.1791888733333327,
      "min": 8.72355931726,
      "max": 126.57170520826001,
      "times": [
        126.57170520826001,
        8.72355931726,
        49.70163680726
      ],
      "exit_codes": [
        0,
        0,
        0
      ]
    }
  ]
}
