{
  "results": [
    {
      "command": "./hacker.sh optimal-fixed-imm p02 -j 72 --log-prog-name p02.optimal.fixed.imm.72",
      "mean": 3.1375538953933333,
      "stddev": 0.11909567545712979,
      "median": 3.07957729006,
      "user": 2.4095214666666664,
      "system": 0.40117145333333326,
      "min": 3.05854768506,
      "max": 3.27453671106,
      "times": [
        3.05854768506,
        3.07957729006,
        3.27453671106
      ],
      "exit_codes": [
        0,
        0,
        0
      ]
    }
  ]
}
