{
  "results": [
    {
      "command": "./scripts/target/hacker.sh original p02 -j 1 --log-prog-name p02.original.1",
      "mean": 84.86417526972666,
      "stddev": 69.69228414598923,
      "median": 114.98964719906,
      "user": 7.183414846666667,
      "system": 1.9022786599999997,
      "min": 5.17670390706,
      "max": 134.42617470305998,
      "times": [
        134.42617470305998,
        5.17670390706,
        114.98964719906
      ],
      "exit_codes": [
        0,
        0,
        0
      ]
    }
  ]
}
