{
  "results": [
    {
      "command": "./scripts/target/hacker.sh inferred p02 -j 1 --log-prog-name p02.1",
      "mean": 44.00593300422,
      "stddev": 65.21578336990385,
      "median": 6.4979789852200005,
      "user": 6.5167205599999996,
      "system": 1.3543069466666668,
      "min": 6.20937120522,
      "max": 119.31044882222,
      "times": [
        119.31044882222,
        6.4979789852200005,
        6.20937120522
      ],
      "exit_codes": [
        0,
        0,
        0
      ]
    }
  ]
}
