{
  "results": [
    {
      "command": "./scripts/target/hacker.sh stdlib p02 -j 1 --log-prog-name p02.std.1",
      "mean": 41.83960910246,
      "stddev": 0.3100696685359891,
      "median": 41.80766337946,
      "user": 41.53044727333333,
      "system": 0.7890381599999999,
      "min": 41.54674899546,
      "max": 42.164414932460005,
      "times": [
        41.54674899546,
        41.80766337946,
        42.164414932460005
      ],
      "exit_codes": [
        0,
        0,
        0
      ]
    }
  ]
}
