{
  "results": [
    {
      "command": "./scripts/target/hacker.sh inferred p02 -j 16 --log-prog-name p02.16",
      "mean": 18.58784496670667,
      "stddev": 7.623340015849593,
      "median": 22.97833022304,
      "user": 17.43494184,
      "system": 4.823364286666666,
      "min": 9.785179058039999,
      "max": 23.000025619040002,
      "times": [
        23.000025619040002,
        22.97833022304,
        9.785179058039999
      ],
      "exit_codes": [
        0,
        0,
        0
      ]
    }
  ]
}
