{
  "results": [
    {
      "command": "./hacker.sh original-fixed-imm p02 -j 72 --log-prog-name p02.original.fixed.imm.72",
      "mean": 3.5368569961599996,
      "stddev": 0.029073169043942974,
      "median": 3.52423888916,
      "user": 2.741010233333333,
      "system": 0.36613332000000004,
      "min": 3.51622469316,
      "max": 3.57010740616,
      "times": [
        3.51622469316,
        3.52423888916,
        3.57010740616
      ],
      "exit_codes": [
        0,
        0,
        0
      ]
    }
  ]
}
