{
  "results": [
    {
      "command": "./scripts/target/hacker.sh inferred p02 -j 72 --log-prog-name p02.72",
      "mean": 9.874296089966668,
      "stddev": 0.1900838003501403,
      "median": 9.8835481683,
      "user": 32.078866113333326,
      "system": 12.057801746666668,
      "min": 9.6797552003,
      "max": 10.059584901300001,
      "times": [
        9.6797552003,
        10.059584901300001,
        9.8835481683
      ],
      "exit_codes": [
        0,
        0,
        0
      ]
    }
  ]
}
