{
  "results": [
    {
      "command": "./scripts/target/hacker.sh original p02 -j 72 --log-prog-name p02.original.72",
      "mean": 4.997671328406667,
      "stddev": 0.018285429490721466,
      "median": 5.001311225739999,
      "user": 2.855661253333333,
      "system": 0.39475543333333335,
      "min": 4.9778397087399995,
      "max": 5.0138630507399995,
      "times": [
        5.001311225739999,
        5.0138630507399995,
        4.9778397087399995
      ],
      "exit_codes": [
        0,
        0,
        0
      ]
    }
  ]
}
