{
  "results": [
    {
      "command": "./scripts/target/hacker.sh optimal p02 -j 72 --log-prog-name p02.optimal.72",
      "mean": 4.558783232026666,
      "stddev": 0.11873322129009088,
      "median": 4.609647691359999,
      "user": 2.6001613466666664,
      "system": 0.5047493333333333,
      "min": 4.423091386359999,
      "max": 4.643610618359999,
      "times": [
        4.423091386359999,
        4.609647691359999,
        4.643610618359999
      ],
      "exit_codes": [
        0,
        0,
        0
      ]
    }
  ]
}
