{
  "results": [
    {
      "command": "./scripts/target/hacker.sh inferred p02 -j 8 --log-prog-name p02.8",
      "mean": 17.595441911920002,
      "stddev": 16.67922550326395,
      "median": 8.15370701792,
      "user": 11.84962988,
      "system": 2.570150526666666,
      "min": 7.77888197192,
      "max": 36.85373674592,
      "times": [
        8.15370701792,
        7.77888197192,
        36.85373674592
      ],
      "exit_codes": [
        0,
        0,
        0
      ]
    }
  ]
}
