{
  "results": [
    {
      "command": "./scripts/target/hacker.sh inferred p02 -j 24 --log-prog-name p02.24",
      "mean": 8.2451740129,
      "stddev": 0.17562601510194806,
      "median": 8.2877316969,
      "user": 13.975985013333334,
      "system": 4.3466571599999995,
      "min": 8.0521799129,
      "max": 8.395610428900001,
      "times": [
        8.2877316969,
        8.0521799129,
        8.395610428900001
      ],
      "exit_codes": [
        0,
        0,
        0
      ]
    }
  ]
}
