{
  "results": [
    {
      "command": "./scripts/target/hacker.sh optimal p02 -j 1 --log-prog-name p02.optimal.1",
      "mean": 29.290283845613335,
      "stddev": 37.320896718558004,
      "median": 8.089723214280001,
      "user": 8.6620556,
      "system": 1.7215733066666665,
      "min": 7.39823424228,
      "max": 72.38289408028001,
      "times": [
        72.38289408028001,
        8.089723214280001,
        7.39823424228
      ],
      "exit_codes": [
        0,
        0,
        0
      ]
    }
  ]
}
