{
  "results": [
    {
      "command": "./scripts/target/hacker.sh inferred p02 -j 48 --log-prog-name p02.48",
      "mean": 9.920865277873334,
      "stddev": 0.20290455737021518,
      "median": 9.868471853540001,
      "user": 26.739227346666667,
      "system": 9.76745618,
      "min": 9.74929582454,
      "max": 10.14482815554,
      "times": [
        10.14482815554,
        9.868471853540001,
        9.74929582454
      ],
      "exit_codes": [
        0,
        0,
        0
      ]
    }
  ]
}
