{
  "results": [
    {
      "command": "./scripts/target/hacker.sh stdlib_fixed_imm p02 -j 1 --log-prog-name p02.std.fixed.imm.1",
      "mean": 44.17279318373334,
      "stddev": 0.4147352407787347,
      "median": 44.280616792400004,
      "user": 43.604535,
      "system": 0.70661042,
      "min": 43.714794913400006,
      "max": 44.522967845400004,
      "times": [
        43.714794913400006,
        44.522967845400004,
        44.280616792400004
      ],
      "exit_codes": [
        0,
        0,
        0
      ]
    }
  ]
}
