{
  "results": [
    {
      "command": "./scripts/target/hacker.sh inferred p03 -j 4 --log-prog-name p03.4",
      "mean": 24.605168977506665,
      "stddev": 27.47055586172998,
      "median": 8.96888853584,
      "user": 11.674185806666665,
      "system": 2.28816154,
      "min": 8.52223202984,
      "max": 56.324386366839995,
      "times": [
        56.324386366839995,
        8.96888853584,
        8.52223202984
      ],
      "exit_codes": [
        0,
        0,
        0
      ]
    }
  ]
}
