{
  "results": [
    {
      "command": "./scripts/target/hacker.sh inferred p03 -j 16 --log-prog-name p03.16",
      "mean": 8.547760101446668,
      "stddev": 0.2973123190413185,
      "median": 8.50678053078,
      "user": 12.498050213333334,
      "system": 3.323462513333333,
      "min": 8.27306329978,
      "max": 8.86343647378,
      "times": [
        8.50678053078,
        8.86343647378,
        8.27306329978
      ],
      "exit_codes": [
        0,
        0,
        0
      ]
    }
  ]
}
