{
  "results": [
    {
      "command": "./scripts/target/hacker.sh inferred p03 -j 48 --log-prog-name p03.48",
      "mean": 9.579709988686666,
      "stddev": 0.312647231293494,
      "median": 9.40454502302,
      "user": 25.444787986666665,
      "system": 9.622105773333333,
      "min": 9.39391321602,
      "max": 9.94067172702,
      "times": [
        9.94067172702,
        9.39391321602,
        9.40454502302
      ],
      "exit_codes": [
        0,
        0,
        0
      ]
    }
  ]
}
