{
  "results": [
    {
      "command": "./scripts/target/hacker.sh inferred p03 -j 72 --log-prog-name p03.72",
      "mean": 10.15831224594,
      "stddev": 0.8155790922901609,
      "median": 10.54859737494,
      "user": 33.064730526666665,
      "system": 13.550205673333332,
      "min": 9.22092484694,
      "max": 10.70541451594,
      "times": [
        10.54859737494,
        9.22092484694,
        10.70541451594
      ],
      "exit_codes": [
        0,
        0,
        0
      ]
    }
  ]
}
