{
  "results": [
    {
      "command": "./scripts/target/hacker.sh inferred p03 -j 1 --log-prog-name p03.1",
      "mean": 24.16761814065333,
      "stddev": 31.762744697532412,
      "median": 5.93796711832,
      "user": 7.060413199999999,
      "system": 1.4080585533333334,
      "min": 5.72102463132,
      "max": 60.84386267232,
      "times": [
        5.93796711832,
        5.72102463132,
        60.84386267232
      ],
      "exit_codes": [
        0,
        0,
        0
      ]
    }
  ]
}
