{
  "results": [
    {
      "command": "./scripts/target/hacker.sh stdlib p03 -j 1 --log-prog-name p03.std.1",
      "mean": 32.82462598016,
      "stddev": 0.2566546968846724,
      "median": 32.88393008116,
      "user": 32.60169213333334,
      "system": 0.7241366933333334,
      "min": 32.54351041116001,
      "max": 33.046437448160006,
      "times": [
        33.046437448160006,
        32.88393008116,
        32.54351041116001
      ],
      "exit_codes": [
        0,
        0,
        0
      ]
    }
  ]
}
