{
  "results": [
    {
      "command": "./scripts/target/hacker.sh optimal p03 -j 1 --log-prog-name p03.optimal.1",
      "mean": 34.97962343872667,
      "stddev": 28.718632118906136,
      "median": 31.23744517106,
      "user": 12.526245353333332,
      "system": 2.651739053333333,
      "min": 8.31552539706,
      "max": 65.38589974806,
      "times": [
        65.38589974806,
        8.31552539706,
        31.23744517106
      ],
      "exit_codes": [
        0,
        0,
        0
      ]
    }
  ]
}
