{
  "results": [
    {
      "command": "./hacker.sh original-fixed-imm p03 -j 72 --log-prog-name p03.original.fixed.imm.72",
      "mean": 3.5604768647666667,
      "stddev": 0.020547274187008944,
      "median": 3.5703229081,
      "user": 2.747678393333333,
      "system": 0.3612142,
      "min": 3.5368594041000003,
      "max": 3.5742482821,
      "times": [
        3.5703229081,
        3.5368594041000003,
        3.5742482821
      ],
      "exit_codes": [
        0,
        0,
        0
      ]
    }
  ]
}
