{
  "results": [
    {
      "command": "./scripts/target/hacker.sh original p03 -j 1 --log-prog-name p03.original.1",
      "mean": 20.829978865573334,
      "stddev": 26.604387783907423,
      "median": 5.60684873724,
      "user": 6.445221573333334,
      "system": 1.3422175533333334,
      "min": 5.33341373324,
      "max": 51.54967412624,
      "times": [
        5.60684873724,
        51.54967412624,
        5.33341373324
      ],
      "exit_codes": [
        0,
        0,
        0
      ]
    }
  ]
}
