{
  "results": [
    {
      "command": "./scripts/target/hacker.sh original p03 -j 72 --log-prog-name p03.original.72",
      "mean": 4.58655327694,
      "stddev": 0.011875356995295586,
      "median": 4.5927391139400005,
      "user": 2.805123213333333,
      "system": 0.3976426533333333,
      "min": 4.57286197794,
      "max": 4.59405873894,
      "times": [
        4.59405873894,
        4.57286197794,
        4.5927391139400005
      ],
      "exit_codes": [
        0,
        0,
        0
      ]
    }
  ]
}
