{
  "results": [
    {
      "command": "./scripts/target/hacker.sh inferred p03 -j 2 --log-prog-name p03.2",
      "mean": 18.69787304416,
      "stddev": 21.552804572491045,
      "median": 6.5583847551600005,
      "user": 8.196829346666666,
      "system": 1.6775477533333334,
      "min": 5.95278253616,
      "max": 43.58245184116,
      "times": [
        5.95278253616,
        43.58245184116,
        6.5583847551600005
      ],
      "exit_codes": [
        0,
        0,
        0
      ]
    }
  ]
}
