{
  "results": [
    {
      "command": "./scripts/target/hacker.sh inferred p03 -j 8 --log-prog-name p03.8",
      "mean": 17.259852461706668,
      "stddev": 16.073378499229197,
      "median": 8.18047389104,
      "user": 11.457824386666665,
      "system": 2.6542806666666667,
      "min": 7.78072724804,
      "max": 35.81835624604,
      "times": [
        8.18047389104,
        7.78072724804,
        35.81835624604
      ],
      "exit_codes": [
        0,
        0,
        0
      ]
    }
  ]
}
