{
  "results": [
    {
      "command": "./scripts/target/hacker.sh optimal p03 -j 72 --log-prog-name p03.optimal.72",
      "mean": 4.2175167080466665,
      "stddev": 0.029086171708738996,
      "median": 4.20088224938,
      "user": 2.5313799066666665,
      "system": 0.48652834,
      "min": 4.20056584538,
      "max": 4.25110202938,
      "times": [
        4.20056584538,
        4.20088224938,
        4.25110202938
      ],
      "exit_codes": [
        0,
        0,
        0
      ]
    }
  ]
}
