{
  "results": [
    {
      "command": "./scripts/target/hacker.sh inferred p03 -j 24 --log-prog-name p03.24",
      "mean": 7.623006604733333,
      "stddev": 0.10521813411536261,
      "median": 7.5645705454,
      "user": 12.465894253333332,
      "system": 4.0730447000000005,
      "min": 7.5599761874,
      "max": 7.7444730814,
      "times": [
        7.5599761874,
        7.7444730814,
        7.5645705454
      ],
      "exit_codes": [
        0,
        0,
        0
      ]
    }
  ]
}
