{
  "results": [
    {
      "command": "./scripts/target/hacker.sh stdlib_fixed_imm p04 -j 1 --log-prog-name p04.std.fixed.imm.1",
      "mean": 43.36514859751333,
      "stddev": 0.37005482083887364,
      "median": 43.334843374180004,
      "user": 43.37917274,
      "system": 0.7413850200000001,
      "min": 43.011178241180005,
      "max": 43.74942417718,
      "times": [
        43.011178241180005,
        43.334843374180004,
        43.74942417718
      ],
      "exit_codes": [
        0,
        0,
        0
      ]
    }
  ]
}
