{
  "results": [
    {
      "command": "./scripts/target/hacker.sh optimal p04 -j 72 --log-prog-name p04.optimal.72",
      "mean": 4.62033205898,
      "stddev": 0.018846325264507486,
      "median": 4.61389182198,
      "user": 2.6408363666666665,
      "system": 0.48110517999999997,
      "min": 4.60555005298,
      "max": 4.641554301979999,
      "times": [
        4.641554301979999,
        4.61389182198,
        4.60555005298
      ],
      "exit_codes": [
        0,
        0,
        0
      ]
    }
  ]
}
