{
  "results": [
    {
      "command": "./scripts/target/hacker.sh inferred p04 -j 1 --log-prog-name p04.1",
      "mean": 31.403147578093336,
      "stddev": 22.67055064611209,
      "median": 35.05491552176,
      "user": 10.790276746666665,
      "system": 2.3147648066666666,
      "min": 7.12838145676,
      "max": 52.02614575576,
      "times": [
        7.12838145676,
        35.05491552176,
        52.02614575576
      ],
      "exit_codes": [
        0,
        0,
        0
      ]
    }
  ]
}
