{
  "results": [
    {
      "command": "./scripts/target/hacker.sh inferred p04 -j 16 --log-prog-name p04.16",
      "mean": 8.309406101413332,
      "stddev": 0.49603067296791975,
      "median": 8.06562384408,
      "user": 11.233924213333333,
      "system": 2.859467466666667,
      "min": 7.982438581079999,
      "max": 8.88015587908,
      "times": [
        7.982438581079999,
        8.06562384408,
        8.88015587908
      ],
      "exit_codes": [
        0,
        0,
        0
      ]
    }
  ]
}
