{
  "results": [
    {
      "command": "./hacker.sh original-fixed-imm p04 -j 72 --log-prog-name p04.original.fixed.imm.72",
      "mean": 3.441000502946667,
      "stddev": 0.025286500411938938,
      "median": 3.44918772028,
      "user": 2.7168475466666666,
      "system": 0.3723444,
      "min": 3.4126348072800003,
      "max": 3.4611789812800002,
      "times": [
        3.4126348072800003,
        3.4611789812800002,
        3.44918772028
      ],
      "exit_codes": [
        0,
        0,
        0
      ]
    }
  ]
}
