{
  "results": [
    {
      "command": "./scripts/target/hacker.sh inferred p04 -j 2 --log-prog-name p04.2",
      "mean": 7.291232320493333,
      "stddev": 0.5653883947661057,
      "median": 7.31645426916,
      "user": 5.970237760000001,
      "system": 0.8705329333333333,
      "min": 6.71365504016,
      "max": 7.84358765216,
      "times": [
        6.71365504016,
        7.84358765216,
        7.31645426916
      ],
      "exit_codes": [
        0,
        0,
        0
      ]
    }
  ]
}
