{
  "results": [
    {
      "command": "./scripts/target/hacker.sh original p04 -j 1 --log-prog-name p04.original.1",
      "mean": 12.304165101813332,
      "stddev": 10.525668148493889,
      "median": 6.46502106048,
      "user": 7.273167493333332,
      "system": 1.4569833333333335,
      "min": 5.99237819648,
      "max": 24.455096048479998,
      "times": [
        5.99237819648,
        6.46502106048,
        24.455096048479998
      ],
      "exit_codes": [
        0,
        0,
        0
      ]
    }
  ]
}
