{
  "results": [
    {
      "command": "./scripts/target/hacker.sh inferred p04 -j 48 --log-prog-name p04.48",
      "mean": 8.841977781459999,
      "stddev": 0.16969106043135165,
      "median": 8.809944048459998,
      "user": 23.485683053333332,
      "system": 8.460517333333334,
      "min": 8.690586655459999,
      "max": 9.02540264046,
      "times": [
        8.809944048459998,
        9.02540264046,
        8.690586655459999
      ],
      "exit_codes": [
        0,
        0,
        0
      ]
    }
  ]
}
