{
  "results": [
    {
      "command": "./scripts/target/hacker.sh inferred p04 -j 8 --log-prog-name p04.8",
      "mean": 19.39065910948,
      "stddev": 20.95509803388192,
      "median": 7.96893520648,
      "user": 10.603695333333333,
      "system": 2.344351613333333,
      "min": 6.62791012748,
      "max": 43.57513199448,
      "times": [
        7.96893520648,
        43.57513199448,
        6.62791012748
      ],
      "exit_codes": [
        0,
        0,
        0
      ]
    }
  ]
}
