{
  "results": [
    {
      "command": "./scripts/target/hacker.sh stdlib p04 -j 1 --log-prog-name p04.std.1",
      "mean": 35.35672866057333,
      "stddev": 0.29914711224700197,
      "median": 35.35537833024,
      "user": 35.21480297333333,
      "system": 0.9052590933333332,
      "min": 35.05825899924,
      "max": 35.65654865224,
      "times": [
        35.35537833024,
        35.05825899924,
        35.65654865224
      ],
      "exit_codes": [
        0,
        0,
        0
      ]
    }
  ]
}
