{
  "results": [
    {
      "command": "./scripts/target/hacker.sh optimal p04 -j 1 --log-prog-name p04.optimal.1",
      "mean": 19.16395556794667,
      "stddev": 20.38621374731154,
      "median": 7.57807765628,
      "user": 9.036707006666667,
      "system": 1.8079599599999998,
      "min": 7.21081648628,
      "max": 42.70297256128,
      "times": [
        7.21081648628,
        42.70297256128,
        7.57807765628
      ],
      "exit_codes": [
        0,
        0,
        0
      ]
    }
  ]
}
