{
  "results": [
    {
      "command": "./scripts/target/hacker.sh inferred p04 -j 24 --log-prog-name p04.24",
      "mean": 7.317891340153333,
      "stddev": 0.07090923571991482,
      "median": 7.35487588282,
      "user": 11.982961413333333,
      "system": 3.527169946666667,
      "min": 7.236135908820001,
      "max": 7.3626622288200005,
      "times": [
        7.236135908820001,
        7.3626622288200005,
        7.35487588282
      ],
      "exit_codes": [
        0,
        0,
        0
      ]
    }
  ]
}
