{
  "results": [
    {
      "command": "./scripts/target/hacker.sh original p04 -j 72 --log-prog-name p04.original.72",
      "mean": 5.011625097933334,
      "stddev": 0.0413139133331964,
      "median": 4.9957112356,
      "user": 2.8395911933333333,
      "system": 0.41234227333333334,
      "min": 4.9806346136,
      "max": 5.0585294446,
      "times": [
        4.9806346136,
        5.0585294446,
        4.9957112356
      ],
      "exit_codes": [
        0,
        0,
        0
      ]
    }
  ]
}
