{
  "results": [
    {
      "command": "./scripts/target/hacker.sh inferred p04 -j 72 --log-prog-name p04.72",
      "mean": 9.61656629933333,
      "stddev": 0.17275563109197045,
      "median": 9.701536922999999,
      "user": 30.7398125,
      "system": 12.171113839999999,
      "min": 9.417781585999998,
      "max": 9.730380388999999,
      "times": [
        9.417781585999998,
        9.701536922999999,
        9.730380388999999
      ],
      "exit_codes": [
        0,
        0,
        0
      ]
    }
  ]
}
