{
  "results": [
    {
      "command": "./hacker.sh optimal-fixed-imm p04 -j 72 --log-prog-name p04.optimal.fixed.imm.72",
      "mean": 2.9557801903,
      "stddev": 0.04043917610654085,
      "median": 2.9683546432999997,
      "user": 2.343505713333333,
      "system": 0.3896211133333334,
      "min": 2.9105476262999996,
      "max": 2.9884383013,
      "times": [
        2.9884383013,
        2.9683546432999997,
        2.9105476262999996
      ],
      "exit_codes": [
        0,
        0,
        0
      ]
    }
  ]
}
