{
  "results": [
    {
      "command": "./scripts/target/hacker.sh inferred p04 -j 4 --log-prog-name p04.4",
      "mean": 23.819679504553335,
      "stddev": 18.2945016627321,
      "median": 21.63772373122,
      "user": 14.311803073333332,
      "system": 3.1553061266666664,
      "min": 6.714006797220001,
      "max": 43.10730798522,
      "times": [
        21.63772373122,
        6.714006797220001,
        43.10730798522
      ],
      "exit_codes": [
        0,
        0,
        0
      ]
    }
  ]
}
