{
  "results": [
    {
      "command": "./scripts/target/hacker.sh inferred p05 -j 24 --log-prog-name p05.24",
      "mean": 7.678338825293333,
      "stddev": 0.0672472653811235,
      "median": 7.681234873959999,
      "user": 12.56833796,
      "system": 3.7746661666666665,
      "min": 7.60969032196,
      "max": 7.74409127996,
      "times": [
        7.60969032196,
        7.681234873959999,
        7.74409127996
      ],
      "exit_codes": [
        0,
        0,
        0
      ]
    }
  ]
}
