{
  "results": [
    {
      "command": "./scripts/target/hacker.sh inferred p05 -j 8 --log-prog-name p05.8",
      "mean": 34.97019136456,
      "stddev": 24.3806714401971,
      "median": 44.45033657956,
      "user": 13.917101966666664,
      "system": 3.3481998666666666,
      "min": 7.273370840559999,
      "max": 53.18686667356,
      "times": [
        53.18686667356,
        7.273370840559999,
        44.45033657956
      ],
      "exit_codes": [
        0,
        0,
        0
      ]
    }
  ]
}
