{
  "results": [
    {
      "command": "./scripts/target/hacker.sh original p05 -j 72 --log-prog-name p05.original.72",
      "mean": 5.140085300439999,
      "stddev": 0.05372784187539405,
      "median": 5.1630834514399995,
      "user": 2.828876146666666,
      "system": 0.4114026733333333,
      "min": 5.0786863774399995,
      "max": 5.178486072439999,
      "times": [
        5.0786863774399995,
        5.1630834514399995,
        5.178486072439999
      ],
      "exit_codes": [
        0,
        0,
        0
      ]
    }
  ]
}
