{
  "results": [
    {
      "command": "./scripts/target/hacker.sh original p05 -j 1 --log-prog-name p05.original.1",
      "mean": 24.051242904846664,
      "stddev": 29.339223341164082,
      "median": 7.17079230518,
      "user": 7.106586493333334,
      "system": 1.4366526199999996,
      "min": 7.053743917179999,
      "max": 57.92919249218,
      "times": [
        7.053743917179999,
        7.17079230518,
        57.92919249218
      ],
      "exit_codes": [
        0,
        0,
        0
      ]
    }
  ]
}
