{
  "results": [
    {
      "command": "./scripts/target/hacker.sh inferred p05 -j 2 --log-prog-name p05.2",
      "mean": 35.83365003118001,
      "stddev": 25.150383902542348,
      "median": 44.84573388518,
      "user": 12.449978286666669,
      "system": 2.6126998533333334,
      "min": 7.41885303618,
      "max": 55.23636317218,
      "times": [
        44.84573388518,
        7.41885303618,
        55.23636317218
      ],
      "exit_codes": [
        0,
        0,
        0
      ]
    }
  ]
}
