{
  "results": [
    {
      "command": "./scripts/target/hacker.sh optimal p05 -j 72 --log-prog-name p05.optimal.72",
      "mean": 5.571693075173333,
      "stddev": 0.10751314170903899,
      "median": 5.600338107840001,
      "user": 2.7988021133333327,
      "system": 0.50442424,
      "min": 5.4527585508400005,
      "max": 5.661982566840001,
      "times": [
        5.661982566840001,
        5.4527585508400005,
        5.600338107840001
      ],
      "exit_codes": [
        0,
        0,
        0
      ]
    }
  ]
}
