{
  "results": [
    {
      "command": "./scripts/target/hacker.sh inferred p05 -j 4 --log-prog-name p05.4",
      "mean": 19.838637222986666,
      "stddev": 20.080670465891174,
      "median": 8.41105004632,
      "user": 11.319593593333332,
      "system": 2.516544226666667,
      "min": 8.07985187032,
      "max": 43.02500975232,
      "times": [
        8.41105004632,
        8.07985187032,
        43.02500975232
      ],
      "exit_codes": [
        0,
        0,
        0
      ]
    }
  ]
}
