{
  "results": [
    {
      "command": "./scripts/target/hacker.sh optimal p05 -j 1 --log-prog-name p05.optimal.1",
      "mean": 30.87616525662,
      "stddev": 21.996289760085205,
      "median": 31.57738419662,
      "user": 12.322492473333334,
      "system": 2.7177979999999997,
      "min": 8.53765042462,
      "max": 52.513461148619996,
      "times": [
        52.513461148619996,
        8.53765042462,
        31.57738419662
      ],
      "exit_codes": [
        0,
        0,
        0
      ]
    }
  ]
}
