{
  "results": [
    {
      "command": "./scripts/target/hacker.sh inferred p05 -j 48 --log-prog-name p05.48",
      "mean": 9.874139873573334,
      "stddev": 0.2558661311078517,
      "median": 9.91748460924,
      "user": 25.465237066666663,
      "system": 9.500707013333331,
      "min": 9.59936989124,
      "max": 10.10556512024,
      "times": [
        9.59936989124,
        10.10556512024,
        9.91748460924
      ],
      "exit_codes": [
        0,
        0,
        0
      ]
    }
  ]
}
