{
  "results": [
    {
      "command": "./scripts/target/hacker.sh inferred p05 -j 1 --log-prog-name p05.1",
      "mean": 7.850487780280001,
      "stddev": 0.6807763047857925,
      "median": 8.037509405280002,
      "user": 5.6813097400000006,
      "system": 0.7664997533333332,
      "min": 7.09574814128,
      "max": 8.41820579428,
      "times": [
        7.09574814128,
        8.037509405280002,
        8.41820579428
      ],
      "exit_codes": [
        0,
        0,
        0
      ]
    }
  ]
}
