{
  "results": [
    {
      "command": "./scripts/target/hacker.sh inferred p05 -j 72 --log-prog-name p05.72",
      "mean": 9.42092773062,
      "stddev": 0.2919180926458302,
      "median": 9.26164750362,
      "user": 30.574150166666666,
      "system": 11.672085986666668,
      "min": 9.24329652862,
      "max": 9.757839159620001,
      "times": [
        9.757839159620001,
        9.26164750362,
        9.24329652862
      ],
      "exit_codes": [
        0,
        0,
        0
      ]
    }
  ]
}
