{
  "results": [
    {
      "command": "./scripts/target/hacker.sh inferred p05 -j 16 --log-prog-name p05.16",
      "mean": 8.528340711026665,
      "stddev": 0.35934146891317026,
      "median": 8.52427904536,
      "user": 12.258511326666666,
      "system": 3.086817293333333,
      "min": 8.171047291359999,
      "max": 8.88969579636,
      "times": [
        8.88969579636,
        8.52427904536,
        8.171047291359999
      ],
      "exit_codes": [
        0,
        0,
        0
      ]
    }
  ]
}
