{
  "results": [
    {
      "command": "./hacker.sh original-fixed-imm p05 -j 72 --log-prog-name p05.original.fixed.imm.72",
      "mean": 3.6333375535,
      "stddev": 0.031205299348132938,
      "median": 3.6365069225,
      "user": 2.7539524066666665,
      "system": 0.3989151733333333,
      "min": 3.6006685155,
      "max": 3.6628372225000003,
      "times": [
        3.6365069225,
        3.6006685155,
        3.6628372225000003
      ],
      "exit_codes": [
        0,
        0,
        0
      ]
    }
  ]
}
