{
  "results": [
    {
      "command": "./scripts/target/hacker.sh stdlib p05 -j 1 --log-prog-name p05.std.1",
      "mean": 51.953820461620005,
      "stddev": 0.3040641494827004,
      "median": 51.81073292362,
      "user": 52.138333306666674,
      "system": 0.8811802133333333,
      "min": 51.747696309620004,
      "max": 52.30303215162,
      "times": [
        51.81073292362,
        52.30303215162,
        51.747696309620004
      ],
      "exit_codes": [
        0,
        0,
        0
      ]
    }
  ]
}
