{
  "results": [
    {
      "command": "./hacker.sh optimal-fixed-imm p05 -j 72 --log-prog-name p05.optimal.fixed.imm.72",
      "mean": 3.107332748253333,
      "stddev": 0.04172910584197293,
      "median": 3.10137892192,
      "user": 2.4015103266666666,
      "system": 0.41712220666666666,
      "min": 3.06890033592,
      "max": 3.15171898692,
      "times": [
        3.06890033592,
        3.15171898692,
        3.10137892192
      ],
      "exit_codes": [
        0,
        0,
        0
      ]
    }
  ]
}
