{
  "results": [
    {
      "command": "./hacker.sh original-fixed-imm p06 -j 72 --log-prog-name p06.original.fixed.imm.72",
      "mean": 3.5789226498199995,
      "stddev": 0.03032305449713715,
      "median": 3.57495616082,
      "user": 2.7071972933333335,
      "system": 0.4113023133333333,
      "min": 3.55077803582,
      "max": 3.6110337528199996,
      "times": [
        3.6110337528199996,
        3.55077803582,
        3.57495616082
      ],
      "exit_codes": [
        0,
        0,
        0
      ]
    }
  ]
}
