{
  "results": [
    {
      "command": "./scripts/target/hacker.sh inferred p06 -j 16 --log-prog-name p06.16",
      "mean": 9.517669272993333,
      "stddev": 0.2916540936315797,
      "median": 9.58980781566,
      "user": 14.658728026666665,
      "system": 3.5723371866666667,
      "min": 9.19671558066,
      "max": 9.76648442266,
      "times": [
        9.19671558066,
        9.76648442266,
        9.58980781566
      ],
      "exit_codes": [
        0,
        0,
        0
      ]
    }
  ]
}
