{
  "results": [
    {
      "command": "./scripts/target/hacker.sh inferred p06 -j 4 --log-prog-name p06.4",
      "mean": 13.523617065473331,
      "stddev": 7.552989784026703,
      "median": 9.18929856814,
      "user": 12.75829377333333,
      "system": 2.5133140266666665,
      "min": 9.13654737014,
      "max": 22.245005258139997,
      "times": [
        9.13654737014,
        9.18929856814,
        22.245005258139997
      ],
      "exit_codes": [
        0,
        0,
        0
      ]
    }
  ]
}
