{
  "results": [
    {
      "command": "./hacker.sh optimal-fixed-imm p06 -j 72 --log-prog-name p06.optimal.fixed.imm.72",
      "mean": 3.06468814612,
      "stddev": 0.007653951193935195,
      "median": 3.06534926212,
      "user": 2.3851880666666663,
      "system": 0.4054262133333333,
      "min": 3.0567250811199997,
      "max": 3.07199009512,
      "times": [
        3.06534926212,
        3.07199009512,
        3.0567250811199997
      ],
      "exit_codes": [
        0,
        0,
        0
      ]
    }
  ]
}
