{
  "results": [
    {
      "command": "./scripts/target/hacker.sh inferred p06 -j 72 --log-prog-name p06.72",
      "mean": 9.24245268214,
      "stddev": 0.11976504567656489,
      "median": 9.221029251140001,
      "user": 29.2181185,
      "system": 10.79900536,
      "min": 9.13484515314,
      "max": 9.371483642140001,
      "times": [
        9.221029251140001,
        9.371483642140001,
        9.13484515314
      ],
      "exit_codes": [
        0,
        0,
        0
      ]
    }
  ]
}
