{
  "results": [
    {
      "command": "./scripts/target/hacker.sh stdlib p06 -j 1 --log-prog-name p06.std.1",
      "mean": 47.41418336361334,
      "stddev": 0.2961755928315753,
      "median": 47.27697286828,
      "user": 47.557954099999996,
      "system": 0.85300162,
      "min": 47.21149551928,
      "max": 47.75408170328,
      "times": [
        47.21149551928,
        47.27697286828,
        47.75408170328
      ],
      "exit_codes": [
        0,
        0,
        0
      ]
    }
  ]
}
