{
  "results": [
    {
      "command": "./scripts/target/hacker.sh inferred p06 -j 2 --log-prog-name p06.2",
      "mean": 16.5792917003,
      "stddev": 15.75295070175856,
      "median": 7.7007490433,
      "user": 9.201347786666666,
      "system": 1.7842203066666666,
      "min": 7.2695970303,
      "max": 34.7675290273,
      "times": [
        7.7007490433,
        7.2695970303,
        34.7675290273
      ],
      "exit_codes": [
        0,
        0,
        0
      ]
    }
  ]
}
