{
  "results": [
    {
      "command": "./scripts/target/hacker.sh optimal p06 -j 72 --log-prog-name p06.optimal.72",
      "mean": 4.486122719853333,
      "stddev": 0.11848387401910582,
      "median": 4.41793735552,
      "user": 2.580448506666667,
      "system": 0.48136509999999993,
      "min": 4.41749492952,
      "max": 4.62293587452,
      "times": [
        4.62293587452,
        4.41749492952,
        4.41793735552
      ],
      "exit_codes": [
        0,
        0,
        0
      ]
    }
  ]
}
