{
  "results": [
    {
      "command": "./scripts/target/hacker.sh inferred p06 -j 8 --log-prog-name p06.8",
      "mean": 18.254780660766667,
      "stddev": 17.17922363381732,
      "median": 8.568384888099999,
      "user": 12.71340998,
      "system": 2.89377812,
      "min": 8.106113174099999,
      "max": 38.0898439201,
      "times": [
        8.568384888099999,
        8.106113174099999,
        38.0898439201
      ],
      "exit_codes": [
        0,
        0,
        0
      ]
    }
  ]
}
