{
  "results": [
    {
      "command": "./scripts/target/hacker.sh inferred p06 -j 24 --log-prog-name p06.24",
      "mean": 8.486758416386666,
      "stddev": 0.19215546090517172,
      "median": 8.437319044719999,
      "user": 14.835128833333334,
      "system": 4.40636172,
      "min": 8.32415343072,
      "max": 8.698802773719999,
      "times": [
        8.437319044719999,
        8.32415343072,
        8.698802773719999
      ],
      "exit_codes": [
        0,
        0,
        0
      ]
    }
  ]
}
