{
  "results": [
    {
      "command": "./scripts/target/hacker.sh original p06 -j 1 --log-prog-name p06.original.1",
      "mean": 6.745698868300001,
      "stddev": 0.09936045641410801,
      "median": 6.7790162753,
      "user": 4.626173846666666,
      "system": 0.6750916933333332,
      "min": 6.633961444300001,
      "max": 6.824118885300001,
      "times": [
        6.824118885300001,
        6.7790162753,
        6.633961444300001
      ],
      "exit_codes": [
        0,
        0,
        0
      ]
    }
  ]
}
