{
  "results": [
    {
      "command": "./scripts/target/hacker.sh inferred p06 -j 1 --log-prog-name p06.1",
      "mean": 14.943688672733332,
      "stddev": 12.496669719473866,
      "median": 8.201566618400001,
      "user": 8.277744106666667,
      "system": 1.5988727533333336,
      "min": 7.266012363400001,
      "max": 29.3634870364,
      "times": [
        7.266012363400001,
        29.3634870364,
        8.201566618400001
      ],
      "exit_codes": [
        0,
        0,
        0
      ]
    }
  ]
}
