{
  "results": [
    {
      "command": "./scripts/target/hacker.sh optimal p06 -j 1 --log-prog-name p06.optimal.1",
      "mean": 14.938589026293334,
      "stddev": 13.620009010633696,
      "median": 7.43430905996,
      "user": 8.435377333333333,
      "system": 1.7087881866666665,
      "min": 6.72122684396,
      "max": 30.660231174960003,
      "times": [
        7.43430905996,
        30.660231174960003,
        6.72122684396
      ],
      "exit_codes": [
        0,
        0,
        0
      ]
    }
  ]
}
