{
  "results": [
    {
      "command": "./scripts/target/hacker.sh inferred p06 -j 48 --log-prog-name p06.48",
      "mean": 9.155434934626667,
      "stddev": 0.10086736792363792,
      "median": 9.198092150959999,
      "user": 24.527330606666666,
      "system": 8.378510813333333,
      "min": 9.04024740396,
      "max": 9.22796524896,
      "times": [
        9.04024740396,
        9.198092150959999,
        9.22796524896
      ],
      "exit_codes": [
        0,
        0,
        0
      ]
    }
  ]
}
