{
  "results": [
    {
      "command": "./scripts/target/hacker.sh original p06 -j 72 --log-prog-name p06.original.72",
      "mean": 4.86754790174,
      "stddev": 0.03601789031696886,
      "median": 4.87386056674,
      "user": 2.8205463799999997,
      "system": 0.40326710000000004,
      "min": 4.82879099174,
      "max": 4.899992146740001,
      "times": [
        4.87386056674,
        4.899992146740001,
        4.82879099174
      ],
      "exit_codes": [
        0,
        0,
        0
      ]
    }
  ]
}
