{
  "results": [
    {
      "command": "./scripts/target/hacker.sh inferred p07 -j 72 --log-prog-name p07.72",
      "mean": 9.463656193139999,
      "stddev": 0.10165101970900865,
      "median": 9.44826028414,
      "user": 28.88297830666666,
      "system": 10.711544519999999,
      "min": 9.37058136214,
      "max": 9.57212693314,
      "times": [
        9.37058136214,
        9.57212693314,
        9.44826028414
      ],
      "exit_codes": [
        0,
        0,
        0
      ]
    }
  ]
}
