{
  "results": [
    {
      "command": "./scripts/target/hacker.sh optimal p07 -j 72 --log-prog-name p07.optimal.72",
      "mean": 4.599484988093333,
      "stddev": 0.008143175905631702,
      "median": 4.598839668759999,
      "user": 2.5891038933333332,
      "system": 0.4932290133333333,
      "min": 4.591683671759999,
      "max": 4.60793162376,
      "times": [
        4.598839668759999,
        4.591683671759999,
        4.60793162376
      ],
      "exit_codes": [
        0,
        0,
        0
      ]
    }
  ]
}
