{
  "results": [
    {
      "command": "./scripts/target/hacker.sh inferred p07 -j 8 --log-prog-name p07.8",
      "mean": 18.548418533026666,
      "stddev": 18.625306803431243,
      "median": 8.41606041336,
      "user": 10.904046379999999,
      "system": 2.473361386666667,
      "min": 7.18585623136,
      "max": 40.04333895436,
      "times": [
        8.41606041336,
        7.18585623136,
        40.04333895436
      ],
      "exit_codes": [
        0,
        0,
        0
      ]
    }
  ]
}
