{
  "results": [
    {
      "command": "./scripts/target/hacker.sh inferred p07 -j 4 --log-prog-name p07.4",
      "mean": 12.820757415586668,
      "stddev": 7.094731700049139,
      "median": 9.13715269992,
      "user": 12.155554306666666,
      "system": 2.4259959733333334,
      "min": 8.32548551792,
      "max": 20.99963402892,
      "times": [
        8.32548551792,
        9.13715269992,
        20.99963402892
      ],
      "exit_codes": [
        0,
        0,
        0
      ]
    }
  ]
}
