{
  "results": [
    {
      "command": "./scripts/target/hacker.sh inferred p07 -j 2 --log-prog-name p07.2",
      "mean": 7.540803760386666,
      "stddev": 0.4986694787784812,
      "median": 7.25893686472,
      "user": 6.218790486666666,
      "system": 0.8843119199999999,
      "min": 7.24689868772,
      "max": 8.11657572872,
      "times": [
        8.11657572872,
        7.25893686472,
        7.24689868772
      ],
      "exit_codes": [
        0,
        0,
        0
      ]
    }
  ]
}
