{
  "results": [
    {
      "command": "./scripts/target/hacker.sh inferred p07 -j 1 --log-prog-name p07.1",
      "mean": 17.657431542213335,
      "stddev": 16.450076694387853,
      "median": 8.24615506688,
      "user": 8.326598146666667,
      "system": 1.5033885999999999,
      "min": 8.07405548288,
      "max": 36.65208407688,
      "times": [
        8.07405548288,
        8.24615506688,
        36.65208407688
      ],
      "exit_codes": [
        0,
        0,
        0
      ]
    }
  ]
}
