{
  "results": [
    {
      "command": "./scripts/target/hacker.sh stdlib_fixed_imm p07 -j 1 --log-prog-name p07.std.fixed.imm.1",
      "mean": 55.536008553079995,
      "stddev": 0.33973806282841984,
      "median": 55.64826625608,
      "user": 56.836022233333324,
      "system": 1.1296352866666666,
      "min": 55.15434843208,
      "max": 55.80541097107999,
      "times": [
        55.15434843208,
        55.64826625608,
        55.80541097107999
      ],
      "exit_codes": [
        0,
        0,
        0
      ]
    }
  ]
}
