{
  "results": [
    {
      "command": "./hacker.sh original-fixed-imm p07 -j 72 --log-prog-name p07.original.fixed.imm.72",
      "mean": 3.700215868373333,
      "stddev": 0.07456038632742328,
      "median": 3.7150558480399996,
      "user": 2.8105312866666665,
      "system": 0.3738684666666667,
      "min": 3.61935146104,
      "max": 3.76624029604,
      "times": [
        3.7150558480399996,
        3.61935146104,
        3.76624029604
      ],
      "exit_codes": [
        0,
        0,
        0
      ]
    }
  ]
}
