{
  "results": [
    {
      "command": "./scripts/target/hacker.sh optimal p07 -j 1 --log-prog-name p07.optimal.1",
      "mean": 41.01869373338666,
      "stddev": 39.77149864427061,
      "median": 30.68415886572,
      "user": 11.912568313333333,
      "system": 2.763685953333333,
      "min": 7.434572208720001,
      "max": 84.93735012571999,
      "times": [
        84.93735012571999,
        7.434572208720001,
        30.68415886572
      ],
      "exit_codes": [
        0,
        0,
        0
      ]
    }
  ]
}
