{
  "results": [
    {
      "command": "./scripts/target/hacker.sh original p07 -j 72 --log-prog-name p07.original.72",
      "mean": 5.459109458626666,
      "stddev": 0.029079897205593477,
      "median": 5.465909077959999,
      "user": 2.9081563866666666,
      "system": 0.4133621733333333,
      "min": 5.42723221396,
      "max": 5.484187083959999,
      "times": [
        5.484187083959999,
        5.465909077959999,
        5.42723221396
      ],
      "exit_codes": [
        0,
        0,
        0
      ]
    }
  ]
}
