{
  "results": [
    {
      "command": "./scripts/target/hacker.sh inferred p07 -j 48 --log-prog-name p07.48",
      "mean": 9.343984463093333,
      "stddev": 0.11494126042524533,
      "median": 9.39872682876,
      "user": 25.208249746666667,
      "system": 8.535485173333333,
      "min": 9.211904405759999,
      "max": 9.421322154759999,
      "times": [
        9.421322154759999,
        9.211904405759999,
        9.39872682876
      ],
      "exit_codes": [
        0,
        0,
        0
      ]
    }
  ]
}
