{
  "results": [
    {
      "command": "./scripts/target/hacker.sh inferred p07 -j 24 --log-prog-name p07.24",
      "mean": 8.070049456153333,
      "stddev": 0.316423019662365,
      "median": 7.9127557278200005,
      "user": 13.688211886666666,
      "system": 4.089454106666667,
      "min": 7.86309600582,
      "max": 8.43429663482,
      "times": [
        7.9127557278200005,
        7.86309600582,
        8.43429663482
      ],
      "exit_codes": [
        0,
        0,
        0
      ]
    }
  ]
}
