{
  "results": [
    {
      "command": "./scripts/target/hacker.sh stdlib p07 -j 1 --log-prog-name p07.std.1",
      "mean": 60.18791857035999,
      "stddev": 0.22031924697874866,
      "median": 60.06152421436,
      "user": 60.61420523333333,
      "system": 1.01041878,
      "min": 60.05991187636,
      "max": 60.442319620359996,
      "times": [
        60.06152421436,
        60.442319620359996,
        60.05991187636
      ],
      "exit_codes": [
        0,
        0,
        0
      ]
    }
  ]
}
