{
  "results": [
    {
      "command": "./hacker.sh optimal-fixed-imm p07 -j 72 --log-prog-name p07.optimal.fixed.imm.72",
      "mean": 3.0469434545866663,
      "stddev": 0.02147790926987816,
      "median": 3.04507584492,
      "user": 2.309447953333333,
      "system": 0.4619069933333333,
      "min": 3.02646033592,
      "max": 3.06929418292,
      "times": [
        3.04507584492,
        3.02646033592,
        3.06929418292
      ],
      "exit_codes": [
        0,
        0,
        0
      ]
    }
  ]
}
