{
  "results": [
    {
      "command": "./scripts/target/hacker.sh original p07 -j 1 --log-prog-name p07.original.1",
      "mean": 17.990445501106667,
      "stddev": 18.858001801519375,
      "median": 7.60248734644,
      "user": 6.424457733333331,
      "system": 1.25236602,
      "min": 6.61059050244,
      "max": 39.75825865444,
      "times": [
        6.61059050244,
        39.75825865444,
        7.60248734644
      ],
      "exit_codes": [
        0,
        0,
        0
      ]
    }
  ]
}
