{
  "results": [
    {
      "command": "./scripts/target/hacker.sh inferred p07 -j 16 --log-prog-name p07.16",
      "mean": 8.985705836513334,
      "stddev": 0.5361071233179076,
      "median": 9.13228411318,
      "user": 12.942349193333333,
      "system": 3.223083706666667,
      "min": 8.39155495618,
      "max": 9.43327844018,
      "times": [
        9.43327844018,
        9.13228411318,
        8.39155495618
      ],
      "exit_codes": [
        0,
        0,
        0
      ]
    }
  ]
}
