{
  "results": [
    {
      "command": "./scripts/target/hacker.sh original p08 -j 1 --log-prog-name p08.original.1",
      "mean": 22.820496007926668,
      "stddev": 27.046736995011493,
      "median": 7.41178487426,
      "user": 7.50713108,
      "system": 1.5535102333333333,
      "min": 6.99923366626,
      "max": 54.05046948326,
      "times": [
        6.99923366626,
        7.41178487426,
        54.05046948326
      ],
      "exit_codes": [
        0,
        0,
        0
      ]
    }
  ]
}
