{
  "results": [
    {
      "command": "./scripts/target/hacker.sh stdlib p08 -j 1 --log-prog-name p08.std.1",
      "mean": 46.82588586043334,
      "stddev": 0.38849263188187044,
      "median": 46.8492512941,
      "user": 46.41865070666666,
      "system": 0.9114757133333334,
      "min": 46.4262378521,
      "max": 47.2021684351,
      "times": [
        47.2021684351,
        46.8492512941,
        46.4262378521
      ],
      "exit_codes": [
        0,
        0,
        0
      ]
    }
  ]
}
