{
  "results": [
    {
      "command": "./hacker.sh original-fixed-imm p08 -j 72 --log-prog-name p08.original.fixed.imm.72",
      "mean": 3.682462397086667,
      "stddev": 0.04207871837023888,
      "median": 3.69958969742,
      "user": 2.8122295066666667,
      "system": 0.3976709333333333,
      "min": 3.63452095842,
      "max": 3.71327653542,
      "times": [
        3.71327653542,
        3.69958969742,
        3.63452095842
      ],
      "exit_codes": [
        0,
        0,
        0
      ]
    }
  ]
}
