{
  "results": [
    {
      "command": "./scripts/target/hacker.sh inferred p08 -j 48 --log-prog-name p08.48",
      "mean": 10.009951656006669,
      "stddev": 0.11580168135240769,
      "median": 9.963855906340001,
      "user": 26.4897909,
      "system": 9.376079573333334,
      "min": 9.924296192340002,
      "max": 10.141702869340001,
      "times": [
        9.963855906340001,
        9.924296192340002,
        10.141702869340001
      ],
      "exit_codes": [
        0,
        0,
        0
      ]
    }
  ]
}
