{
  "results": [
    {
      "command": "./scripts/target/hacker.sh optimal p08 -j 1 --log-prog-name p08.optimal.1",
      "mean": 21.26039432354,
      "stddev": 23.37707028772548,
      "median": 7.84336251954,
      "user": 7.905870419999999,
      "system": 1.8996828533333332,
      "min": 7.68406715454,
      "max": 48.253753296540005,
      "times": [
        48.253753296540005,
        7.84336251954,
        7.68406715454
      ],
      "exit_codes": [
        0,
        0,
        0
      ]
    }
  ]
}
