{
  "results": [
    {
      "command": "./scripts/target/hacker.sh inferred p08 -j 24 --log-prog-name p08.24",
      "mean": 8.153927510646668,
      "stddev": 0.09325128297901494,
      "median": 8.18103330698,
      "user": 14.427255306666666,
      "system": 4.20916434,
      "min": 8.05012629598,
      "max": 8.23062292898,
      "times": [
        8.05012629598,
        8.23062292898,
        8.18103330698
      ],
      "exit_codes": [
        0,
        0,
        0
      ]
    }
  ]
}
