{
  "results": [
    {
      "command": "./scripts/target/hacker.sh original p08 -j 72 --log-prog-name p08.original.72",
      "mean": 5.66895617878,
      "stddev": 0.017938734213412678,
      "median": 5.6688426967800005,
      "user": 2.9203640466666663,
      "system": 0.4161158999999999,
      "min": 5.651074454780001,
      "max": 5.68695138478,
      "times": [
        5.651074454780001,
        5.68695138478,
        5.6688426967800005
      ],
      "exit_codes": [
        0,
        0,
        0
      ]
    }
  ]
}
