{
  "results": [
    {
      "command": "./scripts/target/hacker.sh inferred p08 -j 72 --log-prog-name p08.72",
      "mean": 10.241926474913335,
      "stddev": 0.03457766336242518,
      "median": 10.26005958958,
      "user": 31.473138493333334,
      "system": 12.025678346666666,
      "min": 10.20205395358,
      "max": 10.263665881580001,
      "times": [
        10.263665881580001,
        10.20205395358,
        10.26005958958
      ],
      "exit_codes": [
        0,
        0,
        0
      ]
    }
  ]
}
