{
  "results": [
    {
      "command": "./scripts/target/hacker.sh optimal p08 -j 72 --log-prog-name p08.optimal.72",
      "mean": 5.028883696193334,
      "stddev": 0.05326410477672571,
      "median": 5.00346183786,
      "user": 2.670836253333333,
      "system": 0.49982147333333327,
      "min": 4.99309347386,
      "max": 5.09009577686,
      "times": [
        5.00346183786,
        4.99309347386,
        5.09009577686
      ],
      "exit_codes": [
        0,
        0,
        0
      ]
    }
  ]
}
