{
  "results": [
    {
      "command": "./scripts/target/hacker.sh inferred p08 -j 1 --log-prog-name p08.1",
      "mean": 7.451645908686667,
      "stddev": 0.27085218290094454,
      "median": 7.3580685830200006,
      "user": 5.442698386666667,
      "system": 0.7322874599999999,
      "min": 7.23999044202,
      "max": 7.75687870102,
      "times": [
        7.3580685830200006,
        7.23999044202,
        7.75687870102
      ],
      "exit_codes": [
        0,
        0,
        0
      ]
    }
  ]
}
