{
  "results": [
    {
      "command": "./hacker.sh optimal-fixed-imm p08 -j 72 --log-prog-name p08.optimal.fixed.imm.72",
      "mean": 3.1251061504133335,
      "stddev": 0.13169878805792726,
      "median": 3.08676903708,
      "user": 2.402850546666667,
      "system": 0.4042725333333333,
      "min": 3.01682954208,
      "max": 3.27171987208,
      "times": [
        3.27171987208,
        3.01682954208,
        3.08676903708
      ],
      "exit_codes": [
        0,
        0,
        0
      ]
    }
  ]
}
