{
  "results": [
    {
      "command": "./scripts/target/hacker.sh inferred p08 -j 8 --log-prog-name p08.8",
      "mean": 20.919186341246668,
      "stddev": 22.86828020379892,
      "median": 7.972337711580001,
      "user": 11.706496586666665,
      "system": 2.7440763466666667,
      "min": 7.46166556058,
      "max": 47.323555751579995,
      "times": [
        47.323555751579995,
        7.46166556058,
        7.972337711580001
      ],
      "exit_codes": [
        0,
        0,
        0
      ]
    }
  ]
}
