{
  "results": [
    {
      "command": "./scripts/target/hacker.sh inferred p08 -j 4 --log-prog-name p08.4",
      "mean": 30.452006411040003,
      "stddev": 38.24500597705345,
      "median": 8.81837251504,
      "user": 12.094306693333332,
      "system": 2.4168856,
      "min": 7.92710931304,
      "max": 74.61053740504,
      "times": [
        8.81837251504,
        7.92710931304,
        74.61053740504
      ],
      "exit_codes": [
        0,
        0,
        0
      ]
    }
  ]
}
