{
  "results": [
    {
      "command": "./scripts/target/hacker.sh inferred p08 -j 16 --log-prog-name p08.16",
      "mean": 9.042471796613333,
      "stddev": 0.39280072005376004,
      "median": 9.214316734279999,
      "user": 13.765922453333332,
      "system": 3.2931694599999997,
      "min": 8.59303262428,
      "max": 9.32006603128,
      "times": [
        9.214316734279999,
        9.32006603128,
        8.59303262428
      ],
      "exit_codes": [
        0,
        0,
        0
      ]
    }
  ]
}
