{
  "results": [
    {
      "command": "./scripts/target/hacker.sh inferred p08 -j 2 --log-prog-name p08.2",
      "mean": 17.811400173133336,
      "stddev": 17.625921816902302,
      "median": 7.6366297678,
      "user": 9.617862806666666,
      "system": 1.7689065066666665,
      "min": 7.6335092468,
      "max": 38.1640615048,
      "times": [
        38.1640615048,
        7.6366297678,
        7.6335092468
      ],
      "exit_codes": [
        0,
        0,
        0
      ]
    }
  ]
}
