{
  "results": [
    {
      "command": "./hacker.sh original-fixed-imm p09 -j 72 --log-prog-name p09.original.fixed.imm.72",
      "mean": 3.51217572474,
      "stddev": 0.034924606216790936,
      "median": 3.5072300007400004,
      "user": 2.743682306666667,
      "system": 0.3804417666666667,
      "min": 3.47998761474,
      "max": 3.54930955874,
      "times": [
        3.54930955874,
        3.47998761474,
        3.5072300007400004
      ],
      "exit_codes": [
        0,
        0,
        0
      ]
    }
  ]
}
