{
  "results": [
    {
      "command": "./scripts/target/hacker.sh optimal p09 -j 1 --log-prog-name p09.optimal.1",
      "mean": 17.358787756806667,
      "stddev": 17.456027021705072,
      "median": 7.70519243814,
      "user": 8.953771833333333,
      "system": 1.7948440133333332,
      "min": 6.86178195714,
      "max": 37.50938887514,
      "times": [
        7.70519243814,
        37.50938887514,
        6.86178195714
      ],
      "exit_codes": [
        0,
        0,
        0
      ]
    }
  ]
}
