{
  "results": [
    {
      "command": "./hacker.sh optimal-fixed-imm p09 -j 72 --log-prog-name p09.optimal.fixed.imm.72",
      "mean": 3.232196682633333,
      "stddev": 0.05762836846880896,
      "median": 3.2482744172999998,
      "user": 2.4485411999999993,
      "system": 0.4187107799999999,
      "min": 3.1682368113,
      "max": 3.2800788193,
      "times": [
        3.1682368113,
        3.2800788193,
        3.2482744172999998
      ],
      "exit_codes": [
        0,
        0,
        0
      ]
    }
  ]
}
