{
  "results": [
    {
      "command": "./scripts/target/hacker.sh inferred p09 -j 8 --log-prog-name p09.8",
      "mean": 14.212221636133334,
      "stddev": 11.598837646304695,
      "median": 7.9381476668,
      "user": 11.670056673333335,
      "system": 2.67016602,
      "min": 7.1018183738000005,
      "max": 27.5966988678,
      "times": [
        7.9381476668,
        27.5966988678,
        7.1018183738000005
      ],
      "exit_codes": [
        0,
        0,
        0
      ]
    }
  ]
}
