{
  "results": [
    {
      "command": "./scripts/target/hacker.sh original p09 -j 72 --log-prog-name p09.original.72",
      "mean": 4.873982131559999,
      "stddev": 0.027282990349642586,
      "median": 4.885397708559999,
      "user": 2.8655846733333337,
      "system": 0.4055894066666667,
      "min": 4.84284552056,
      "max": 4.89370316556,
      "times": [
        4.84284552056,
        4.89370316556,
        4.885397708559999
      ],
      "exit_codes": [
        0,
        0,
        0
      ]
    }
  ]
}
