{
  "results": [
    {
      "command": "./scripts/target/hacker.sh optimal p09 -j 72 --log-prog-name p09.optimal.72",
      "mean": 4.025030510686666,
      "stddev": 0.031205283106309507,
      "median": 4.0231752710199995,
      "user": 2.518866733333333,
      "system": 0.4625176933333333,
      "min": 3.99479423702,
      "max": 4.05712202402,
      "times": [
        4.0231752710199995,
        3.99479423702,
        4.05712202402
      ],
      "exit_codes": [
        0,
        0,
        0
      ]
    }
  ]
}
