{
  "results": [
    {
      "command": "./scripts/target/hacker.sh inferred p09 -j 1 --log-prog-name p09.1",
      "mean": 13.609568691946668,
      "stddev": 11.724587635060683,
      "median": 6.96267032628,
      "user": 7.829794573333333,
      "system": 1.5515580466666667,
      "min": 6.7188115032799995,
      "max": 27.14722424628,
      "times": [
        6.96267032628,
        6.7188115032799995,
        27.14722424628
      ],
      "exit_codes": [
        0,
        0,
        0
      ]
    }
  ]
}
