{
  "results": [
    {
      "command": "./scripts/target/hacker.sh stdlib p09 -j 1 --log-prog-name p09.std.1",
      "mean": 54.59300541840667,
      "stddev": 0.3287992970045833,
      "median": 54.41392585074,
      "user": 53.86484113333333,
      "system": 1.24112726,
      "min": 54.39261959274,
      "max": 54.97247081174,
      "times": [
        54.41392585074,
        54.97247081174,
        54.39261959274
      ],
      "exit_codes": [
        0,
        0,
        0
      ]
    }
  ]
}
