{
  "results": [
    {
      "command": "./scripts/target/hacker.sh inferred p09 -j 4 --log-prog-name p09.4",
      "mean": 12.26984616948,
      "stddev": 7.381376276831645,
      "median": 8.37621845348,
      "user": 11.354713293333333,
      "system": 2.343123813333333,
      "min": 7.65049957048,
      "max": 20.782820484480002,
      "times": [
        8.37621845348,
        7.65049957048,
        20.782820484480002
      ],
      "exit_codes": [
        0,
        0,
        0
      ]
    }
  ]
}
