{
  "results": [
    {
      "command": "./scripts/target/hacker.sh original p09 -j 1 --log-prog-name p09.original.1",
      "mean": 20.261469265859997,
      "stddev": 23.953742884047557,
      "median": 6.49521450286,
      "user": 7.677596133333332,
      "system": 1.4946028533333333,
      "min": 6.36842109686,
      "max": 47.920772197859996,
      "times": [
        6.49521450286,
        47.920772197859996,
        6.36842109686
      ],
      "exit_codes": [
        0,
        0,
        0
      ]
    }
  ]
}
