{
  "results": [
    {
      "command": "./scripts/target/hacker.sh inferred p09 -j 48 --log-prog-name p09.48",
      "mean": 8.861931327866667,
      "stddev": 0.04303499157033453,
      "median": 8.8853335882,
      "user": 23.758772826666668,
      "system": 8.597356346666666,
      "min": 8.8122662522,
      "max": 8.8881941432,
      "times": [
        8.8853335882,
        8.8881941432,
        8.8122662522
      ],
      "exit_codes": [
        0,
        0,
        0
      ]
    }
  ]
}
