{
  "results": [
    {
      "command": "./scripts/target/hacker.sh inferred p09 -j 16 --log-prog-name p09.16",
      "mean": 11.352833809860002,
      "stddev": 6.740426495367023,
      "median": 8.003605848860001,
      "user": 13.430190099999999,
      "system": 3.793485593333333,
      "min": 6.94301245186,
      "max": 19.11188312886,
      "times": [
        8.003605848860001,
        6.94301245186,
        19.11188312886
      ],
      "exit_codes": [
        0,
        0,
        0
      ]
    }
  ]
}
