{
  "results": [
    {
      "command": "./scripts/target/hacker.sh inferred p09 -j 24 --log-prog-name p09.24",
      "mean": 7.311372811186668,
      "stddev": 0.16907689506675747,
      "median": 7.37215253852,
      "user": 12.845250333333333,
      "system": 3.7272429,
      "min": 7.12030822952,
      "max": 7.44165766552,
      "times": [
        7.12030822952,
        7.44165766552,
        7.37215253852
      ],
      "exit_codes": [
        0,
        0,
        0
      ]
    }
  ]
}
