{
  "results": [
    {
      "command": "./scripts/target/hacker.sh inferred p09 -j 72 --log-prog-name p09.72",
      "mean": 9.588733956219999,
      "stddev": 0.1741784559852334,
      "median": 9.579247238219999,
      "user": 32.114343033333334,
      "system": 12.699517299999998,
      "min": 9.41949272922,
      "max": 9.767461901219999,
      "times": [
        9.579247238219999,
        9.41949272922,
        9.767461901219999
      ],
      "exit_codes": [
        0,
        0,
        0
      ]
    }
  ]
}
