{
  "results": [
    {
      "command": "./scripts/target/hacker.sh inferred p09 -j 2 --log-prog-name p09.2",
      "mean": 11.714575689553334,
      "stddev": 6.9325962754394705,
      "median": 7.71668925122,
      "user": 9.628592953333333,
      "system": 1.8880188066666665,
      "min": 7.70739127622,
      "max": 19.719646541219998,
      "times": [
        7.71668925122,
        19.719646541219998,
        7.70739127622
      ],
      "exit_codes": [
        0,
        0,
        0
      ]
    }
  ]
}
