{
  "results": [
    {
      "command": "./scripts/target/hacker.sh optimal p10 -j 1 --log-prog-name p10.optimal.1",
      "mean": 7.860274773939999,
      "stddev": 0.3898398593521951,
      "median": 8.04054080594,
      "user": 5.793521393333333,
      "system": 0.7930489,
      "min": 7.41292580894,
      "max": 8.12735770694,
      "times": [
        8.12735770694,
        7.41292580894,
        8.04054080594
      ],
      "exit_codes": [
        0,
        0,
        0
      ]
    }
  ]
}
