{
  "results": [
    {
      "command": "./scripts/target/hacker.sh inferred p10 -j 24 --log-prog-name p10.24",
      "mean": 12.888659657093333,
      "stddev": 0.19871722229745614,
      "median": 12.922972954759999,
      "user": 70.36870025999998,
      "system": 9.907050233333331,
      "min": 12.67502022876,
      "max": 13.06798578776,
      "times": [
        12.922972954759999,
        12.67502022876,
        13.06798578776
      ],
      "exit_codes": [
        0,
        0,
        0
      ]
    }
  ]
}
