{
  "results": [
    {
      "command": "./scripts/target/hacker.sh original p10 -j 1 --log-prog-name p10.original.1",
      "mean": 32.20949828498,
      "stddev": 22.41127208756317,
      "median": 42.89014706298,
      "user": 9.290960193333333,
      "system": 2.2411982533333332,
      "min": 6.45574883198,
      "max": 47.28259895998,
      "times": [
        47.28259895998,
        6.45574883198,
        42.89014706298
      ],
      "exit_codes": [
        0,
        0,
        0
      ]
    }
  ]
}
