{
  "results": [
    {
      "command": "./scripts/target/hacker.sh inferred p10 -j 48 --log-prog-name p10.48",
      "mean": 16.486828001993334,
      "stddev": 0.46000355182938374,
      "median": 16.22565979866,
      "user": 138.26723254666663,
      "system": 22.932183300000002,
      "min": 16.21685418666,
      "max": 17.017970020659998,
      "times": [
        16.21685418666,
        16.22565979866,
        17.017970020659998
      ],
      "exit_codes": [
        0,
        0,
        0
      ]
    }
  ]
}
