{
  "results": [
    {
      "command": "./scripts/target/hacker.sh inferred p10 -j 4 --log-prog-name p10.4",
      "mean": 51.05724128393333,
      "stddev": 22.62037886979662,
      "median": 61.5540467576,
      "user": 64.13872196,
      "system": 6.259234206666666,
      "min": 25.0954528666,
      "max": 66.5222242276,
      "times": [
        25.0954528666,
        61.5540467576,
        66.5222242276
      ],
      "exit_codes": [
        0,
        0,
        0
      ]
    }
  ]
}
