{
  "results": [
    {
      "command": "./scripts/target/hacker.sh stdlib_fixed_imm p10 -j 1 --log-prog-name p10.std.fixed.imm.1",
      "mean": 159.72771486046668,
      "stddev": 0.9762614322690374,
      "median": 159.5829196178,
      "user": 162.0415654133333,
      "system": 1.2422092066666666,
      "min": 158.83193783980002,
      "max": 160.7682871238,
      "times": [
        160.7682871238,
        159.5829196178,
        158.83193783980002
      ],
      "exit_codes": [
        0,
        0,
        0
      ]
    }
  ]
}
