{
  "results": [
    {
      "command": "./scripts/target/hacker.sh inferred p10 -j 16 --log-prog-name p10.16",
      "mean": 15.32375375332,
      "stddev": 0.33747640478492946,
      "median": 15.22266984432,
      "user": 66.79200065333333,
      "system": 8.267261526666667,
      "min": 15.04837109032,
      "max": 15.70022032532,
      "times": [
        15.70022032532,
        15.04837109032,
        15.22266984432
      ],
      "exit_codes": [
        0,
        0,
        0
      ]
    }
  ]
}
