{
  "results": [
    {
      "command": "./scripts/target/hacker.sh inferred p10 -j 8 --log-prog-name p10.8",
      "mean": 28.423487022146663,
      "stddev": 22.83502320326632,
      "median": 16.68985486048,
      "user": 47.48013232666667,
      "system": 5.482525353333333,
      "min": 13.840860765479999,
      "max": 54.73974544048,
      "times": [
        13.840860765479999,
        16.68985486048,
        54.73974544048
      ],
      "exit_codes": [
        0,
        0,
        0
      ]
    }
  ]
}
