{
  "results": [
    {
      "command": "./scripts/target/hacker.sh original p10 -j 72 --log-prog-name p10.original.72",
      "mean": 5.9512616454866665,
      "stddev": 0.08386513301162729,
      "median": 5.9848425898199995,
      "user": 3.1350768,
      "system": 0.44702183999999995,
      "min": 5.85580986982,
      "max": 6.01313247682,
      "times": [
        5.85580986982,
        5.9848425898199995,
        6.01313247682
      ],
      "exit_codes": [
        0,
        0,
        0
      ]
    }
  ]
}
