{
  "results": [
    {
      "command": "./hacker.sh optimal-fixed-imm p10 -j 72 --log-prog-name p10.optimal.fixed.imm.72",
      "mean": 3.600973188973333,
      "stddev": 0.06211854924613005,
      "median": 3.60835103264,
      "user": 2.8171037266666663,
      "system": 0.46039035999999994,
      "min": 3.53549519264,
      "max": 3.65907334164,
      "times": [
        3.60835103264,
        3.65907334164,
        3.53549519264
      ],
      "exit_codes": [
        0,
        0,
        0
      ]
    }
  ]
}
