{
  "results": [
    {
      "command": "./scripts/target/hacker.sh inferred p10 -j 1 --log-prog-name p10.1",
      "mean": 31.062936440286666,
      "stddev": 13.172955055889673,
      "median": 25.67727096662,
      "user": 23.99966553333333,
      "system": 2.24605842,
      "min": 21.436162833620003,
      "max": 46.07537552062,
      "times": [
        25.67727096662,
        46.07537552062,
        21.436162833620003
      ],
      "exit_codes": [
        0,
        0,
        0
      ]
    }
  ]
}
