{
  "results": [
    {
      "command": "./scripts/target/hacker.sh stdlib p10 -j 1 --log-prog-name p10.std.1",
      "mean": 181.39927055466,
      "stddev": 2.19862662524655,
      "median": 180.64871854566,
      "user": 185.01642076,
      "system": 1.3681239200000002,
      "min": 179.67419830266,
      "max": 183.87489481565999,
      "times": [
        183.87489481565999,
        179.67419830266,
        180.64871854566
      ],
      "exit_codes": [
        0,
        0,
        0
      ]
    }
  ]
}
