{
  "results": [
    {
      "command": "./scripts/target/hacker.sh optimal p10 -j 72 --log-prog-name p10.optimal.72",
      "mean": 4.597454834446667,
      "stddev": 0.022668587164799477,
      "median": 4.59794226278,
      "user": 2.7466281266666663,
      "system": 0.5445837533333333,
      "min": 4.57454646378,
      "max": 4.619875776780001,
      "times": [
        4.59794226278,
        4.57454646378,
        4.619875776780001
      ],
      "exit_codes": [
        0,
        0,
        0
      ]
    }
  ]
}
