{
  "results": [
    {
      "command": "./scripts/target/hacker.sh inferred p10 -j 2 --log-prog-name p10.2",
      "mean": 28.594037449446663,
      "stddev": 8.102178128889756,
      "median": 27.05128673278,
      "user": 34.713801006666664,
      "system": 2.8603700599999997,
      "min": 21.37415316978,
      "max": 37.35667244578,
      "times": [
        27.05128673278,
        37.35667244578,
        21.37415316978
      ],
      "exit_codes": [
        0,
        0,
        0
      ]
    }
  ]
}
