{
  "results": [
    {
      "command": "./scripts/target/hacker.sh inferred p10 -j 72 --log-prog-name p10.72",
      "mean": 17.011933757806666,
      "stddev": 1.3574791443185674,
      "median": 16.27305541814,
      "user": 180.62654994,
      "system": 32.021614613333334,
      "min": 16.18417046914,
      "max": 18.57857538614,
      "times": [
        18.57857538614,
        16.27305541814,
        16.18417046914
      ],
      "exit_codes": [
        0,
        0,
        0
      ]
    }
  ]
}
