{
  "results": [
    {
      "command": "./hacker.sh original-fixed-imm p10 -j 72 --log-prog-name p10.original.fixed.imm.72",
      "mean": 4.24312609254,
      "stddev": 0.024727245880860897,
      "median": 4.23304894454,
      "user": 3.3236849933333326,
      "system": 0.42573263999999994,
      "min": 4.22502865554,
      "max": 4.27130067754,
      "times": [
        4.23304894454,
        4.27130067754,
        4.22502865554
      ],
      "exit_codes": [
        0,
        0,
        0
      ]
    }
  ]
}
