{
  "results": [
    {
      "command": "./scripts/target/hacker.sh original p11 -j 1 --log-prog-name p11.original.1",
      "mean": 6.3161171812133325,
      "stddev": 0.09929244356131532,
      "median": 6.30449359888,
      "user": 4.489560233333333,
      "system": 0.6291868266666666,
      "min": 6.2231481108799995,
      "max": 6.420709833879999,
      "times": [
        6.30449359888,
        6.2231481108799995,
        6.420709833879999
      ],
      "exit_codes": [
        0,
        0,
        0
      ]
    }
  ]
}
