{
  "results": [
    {
      "command": "./hacker.sh optimal-fixed-imm p11 -j 72 --log-prog-name p11.optimal.fixed.imm.72",
      "mean": 3.22272659964,
      "stddev": 0.10839567032870885,
      "median": 3.1748784506399996,
      "user": 2.4557953133333332,
      "system": 0.4245657333333333,
      "min": 3.14648811964,
      "max": 3.34681322864,
      "times": [
        3.34681322864,
        3.1748784506399996,
        3.14648811964
      ],
      "exit_codes": [
        0,
        0,
        0
      ]
    }
  ]
}
