{
  "results": [
    {
      "command": "./scripts/target/hacker.sh optimal p11 -j 72 --log-prog-name p11.optimal.72",
      "mean": 4.088350894546667,
      "stddev": 0.09968258917575357,
      "median": 4.14387456388,
      "user": 2.506182966666666,
      "system": 0.4688683866666667,
      "min": 3.9732709048799997,
      "max": 4.14790721488,
      "times": [
        3.9732709048799997,
        4.14790721488,
        4.14387456388
      ],
      "exit_codes": [
        0,
        0,
        0
      ]
    }
  ]
}
