{
  "results": [
    {
      "command": "./scripts/target/hacker.sh inferred p11 -j 1 --log-prog-name p11.1",
      "mean": 26.148131023486666,
      "stddev": 31.44216501250243,
      "median": 8.34883679382,
      "user": 8.82537106,
      "system": 1.6798053866666665,
      "min": 7.64342475482,
      "max": 62.45213152182,
      "times": [
        62.45213152182,
        7.64342475482,
        8.34883679382
      ],
      "exit_codes": [
        0,
        0,
        0
      ]
    }
  ]
}
