{
  "results": [
    {
      "command": "./scripts/target/hacker.sh stdlib p11 -j 1 --log-prog-name p11.std.1",
      "mean": 42.143726551213334,
      "stddev": 0.3215350516973378,
      "median": 42.01444496488,
      "user": 42.27190469333333,
      "system": 0.96037308,
      "min": 41.90695484788,
      "max": 42.50977984088,
      "times": [
        41.90695484788,
        42.01444496488,
        42.50977984088
      ],
      "exit_codes": [
        0,
        0,
        0
      ]
    }
  ]
}
