{
  "results": [
    {
      "command": "./scripts/target/hacker.sh inferred p11 -j 48 --log-prog-name p11.48",
      "mean": 11.275000381220002,
      "stddev": 0.3330632237503204,
      "median": 11.29377314122,
      "user": 32.28072980666666,
      "system": 11.498142166666666,
      "min": 10.932947804220001,
      "max": 11.598280198220001,
      "times": [
        11.29377314122,
        11.598280198220001,
        10.932947804220001
      ],
      "exit_codes": [
        0,
        0,
        0
      ]
    }
  ]
}
