{
  "results": [
    {
      "command": "./scripts/target/hacker.sh original p11 -j 72 --log-prog-name p11.original.72",
      "mean": 4.773514613813333,
      "stddev": 0.018729870135541622,
      "median": 4.7751626064799995,
      "user": 2.8495235733333337,
      "system": 0.40254753333333326,
      "min": 4.75401520248,
      "max": 4.791366032479999,
      "times": [
        4.791366032479999,
        4.75401520248,
        4.7751626064799995
      ],
      "exit_codes": [
        0,
        0,
        0
      ]
    }
  ]
}
