{
  "results": [
    {
      "command": "./scripts/target/hacker.sh inferred p11 -j 16 --log-prog-name p11.16",
      "mean": 9.77722158582,
      "stddev": 0.29272571525508445,
      "median": 9.73277014382,
      "user": 17.00971209333333,
      "system": 3.90190352,
      "min": 9.50926392282,
      "max": 10.08963069082,
      "times": [
        10.08963069082,
        9.50926392282,
        9.73277014382
      ],
      "exit_codes": [
        0,
        0,
        0
      ]
    }
  ]
}
