{
  "results": [
    {
      "command": "./scripts/target/hacker.sh inferred p11 -j 24 --log-prog-name p11.24",
      "mean": 8.529775614426667,
      "stddev": 0.07199460866614554,
      "median": 8.51178649276,
      "user": 16.87426663333333,
      "system": 4.735122660000001,
      "min": 8.46848136176,
      "max": 8.609058988760001,
      "times": [
        8.51178649276,
        8.609058988760001,
        8.46848136176
      ],
      "exit_codes": [
        0,
        0,
        0
      ]
    }
  ]
}
