{
  "results": [
    {
      "command": "./scripts/target/hacker.sh inferred p11 -j 2 --log-prog-name p11.2",
      "mean": 31.604392312019996,
      "stddev": 21.906668709353028,
      "median": 35.197933792019995,
      "user": 12.385027566666665,
      "system": 2.7331035533333328,
      "min": 8.12313452102,
      "max": 51.492108623019995,
      "times": [
        51.492108623019995,
        8.12313452102,
        35.197933792019995
      ],
      "exit_codes": [
        0,
        0,
        0
      ]
    }
  ]
}
