{
  "results": [
    {
      "command": "./scripts/target/hacker.sh inferred p11 -j 72 --log-prog-name p11.72",
      "mean": 11.913466364373335,
      "stddev": 0.3076021940241785,
      "median": 11.92381567104,
      "user": 43.558770579999994,
      "system": 16.283768266666666,
      "min": 11.60082012104,
      "max": 12.215763301039999,
      "times": [
        12.215763301039999,
        11.60082012104,
        11.92381567104
      ],
      "exit_codes": [
        0,
        0,
        0
      ]
    }
  ]
}
