{
  "results": [
    {
      "command": "./scripts/target/hacker.sh inferred p11 -j 8 --log-prog-name p11.8",
      "mean": 16.61102576244667,
      "stddev": 14.554020051034751,
      "median": 8.21159346078,
      "user": 14.100314666666668,
      "system": 2.9608654866666666,
      "min": 8.20492371678,
      "max": 33.41656010978,
      "times": [
        33.41656010978,
        8.20492371678,
        8.21159346078
      ],
      "exit_codes": [
        0,
        0,
        0
      ]
    }
  ]
}
