{
  "results": [
    {
      "command": "./scripts/target/hacker.sh optimal p11 -j 1 --log-prog-name p11.optimal.1",
      "mean": 28.0687207942,
      "stddev": 19.421720912922698,
      "median": 34.6424369252,
      "user": 9.819225173333333,
      "system": 2.33692098,
      "min": 6.2132619361999994,
      "max": 43.3504635212,
      "times": [
        43.3504635212,
        34.6424369252,
        6.2132619361999994
      ],
      "exit_codes": [
        0,
        0,
        0
      ]
    }
  ]
}
