{
  "results": [
    {
      "command": "./scripts/target/hacker.sh inferred p11 -j 4 --log-prog-name p11.4",
      "mean": 30.05894789012,
      "stddev": 17.352676634924087,
      "median": 37.45999143712,
      "user": 16.299314726666665,
      "system": 3.3990333466666662,
      "min": 10.23286249212,
      "max": 42.483989741120006,
      "times": [
        37.45999143712,
        10.23286249212,
        42.483989741120006
      ],
      "exit_codes": [
        0,
        0,
        0
      ]
    }
  ]
}
