{
  "results": [
    {
      "command": "./hacker.sh original-fixed-imm p11 -j 72 --log-prog-name p11.original.fixed.imm.72",
      "mean": 4.03619036524,
      "stddev": 0.050424409713446666,
      "median": 4.009202660240001,
      "user": 2.887115473333333,
      "system": 0.42185597999999996,
      "min": 4.00500347324,
      "max": 4.09436496224,
      "times": [
        4.09436496224,
        4.00500347324,
        4.009202660240001
      ],
      "exit_codes": [
        0,
        0,
        0
      ]
    }
  ]
}
