{
  "results": [
    {
      "command": "./scripts/target/hacker.sh inferred p12 -j 72 --log-prog-name p12.72",
      "mean": 15.948948979346667,
      "stddev": 2.5424529809137124,
      "median": 17.243310996680002,
      "user": 104.06045667333332,
      "system": 26.401587593333332,
      "min": 13.01976503768,
      "max": 17.58377090368,
      "times": [
        17.243310996680002,
        17.58377090368,
        13.01976503768
      ],
      "exit_codes": [
        0,
        0,
        0
      ]
    }
  ]
}
