{
  "results": [
    {
      "command": "./scripts/target/hacker.sh inferred p12 -j 16 --log-prog-name p12.16",
      "mean": 11.18198261388,
      "stddev": 1.137867760927397,
      "median": 10.79329565388,
      "user": 31.07196444,
      "system": 5.533550693333332,
      "min": 10.28938778988,
      "max": 12.46326439788,
      "times": [
        10.28938778988,
        12.46326439788,
        10.79329565388
      ],
      "exit_codes": [
        0,
        0,
        0
      ]
    }
  ]
}
