{
  "results": [
    {
      "command": "./scripts/target/hacker.sh optimal p12 -j 1 --log-prog-name p12.optimal.1",
      "mean": 23.222566699693335,
      "stddev": 28.75756258743126,
      "median": 6.68206117436,
      "user": 7.5488198466666665,
      "system": 1.5340419933333331,
      "min": 6.55677800236,
      "max": 56.42886092236,
      "times": [
        6.55677800236,
        6.68206117436,
        56.42886092236
      ],
      "exit_codes": [
        0,
        0,
        0
      ]
    }
  ]
}
