{
  "results": [
    {
      "command": "./scripts/target/hacker.sh inferred p12 -j 2 --log-prog-name p12.2",
      "mean": 39.07744975205333,
      "stddev": 23.826559559899472,
      "median": 39.594125486719996,
      "user": 24.338813146666666,
      "system": 3.3731165999999995,
      "min": 14.99675421172,
      "max": 62.64146955772,
      "times": [
        39.594125486719996,
        62.64146955772,
        14.99675421172
      ],
      "exit_codes": [
        0,
        0,
        0
      ]
    }
  ]
}
