{
  "results": [
    {
      "command": "./scripts/target/hacker.sh inferred p12 -j 4 --log-prog-name p12.4",
      "mean": 45.01699198494,
      "stddev": 31.348812172237167,
      "median": 42.57378711594,
      "user": 29.79777778666667,
      "system": 4.763171226666667,
      "min": 14.961268972940001,
      "max": 77.51591986593999,
      "times": [
        14.961268972940001,
        77.51591986593999,
        42.57378711594
      ],
      "exit_codes": [
        0,
        0,
        0
      ]
    }
  ]
}
