{
  "results": [
    {
      "command": "./hacker.sh optimal-fixed-imm p12 -j 72 --log-prog-name p12.optimal.fixed.imm.72",
      "mean": 3.166088864006667,
      "stddev": 0.016443962103328272,
      "median": 3.15764896634,
      "user": 2.4928830933333335,
      "system": 0.42932751333333335,
      "min": 3.15557857234,
      "max": 3.18503905334,
      "times": [
        3.18503905334,
        3.15557857234,
        3.15764896634
      ],
      "exit_codes": [
        0,
        0,
        0
      ]
    }
  ]
}
