{
  "results": [
    {
      "command": "./scripts/target/hacker.sh original p12 -j 1 --log-prog-name p12.original.1",
      "mean": 29.057399194226672,
      "stddev": 18.791365290289168,
      "median": 33.23191635256,
      "user": 10.869853406666666,
      "system": 2.40105718,
      "min": 8.52981891656,
      "max": 45.410462313560004,
      "times": [
        45.410462313560004,
        8.52981891656,
        33.23191635256
      ],
      "exit_codes": [
        0,
        0,
        0
      ]
    }
  ]
}
