{
  "results": [
    {
      "command": "./scripts/target/hacker.sh stdlib p12 -j 1 --log-prog-name p12.std.1",
      "mean": 153.55559231466,
      "stddev": 0.3542570011497079,
      "median": 153.50897683066,
      "user": 150.02381391333336,
      "system": 2.8599623399999996,
      "min": 153.22695081266,
      "max": 153.93084930066,
      "times": [
        153.22695081266,
        153.50897683066,
        153.93084930066
      ],
      "exit_codes": [
        0,
        0,
        0
      ]
    }
  ]
}
