{
  "results": [
    {
      "command": "./scripts/target/hacker.sh optimal p12 -j 72 --log-prog-name p12.optimal.72",
      "mean": 4.585167100926667,
      "stddev": 0.04684397614872577,
      "median": 4.5848857592600005,
      "user": 2.64073906,
      "system": 0.5367749,
      "min": 4.53846442926,
      "max": 4.632151114260001,
      "times": [
        4.632151114260001,
        4.53846442926,
        4.5848857592600005
      ],
      "exit_codes": [
        0,
        0,
        0
      ]
    }
  ]
}
