{
  "results": [
    {
      "command": "./scripts/target/hacker.sh original p12 -j 72 --log-prog-name p12.original.72",
      "mean": 5.98283913998,
      "stddev": 0.07306503885420282,
      "median": 6.02003806998,
      "user": 3.0840558599999994,
      "system": 0.44907848,
      "min": 5.89866010798,
      "max": 6.029819241979999,
      "times": [
        6.029819241979999,
        5.89866010798,
        6.02003806998
      ],
      "exit_codes": [
        0,
        0,
        0
      ]
    }
  ]
}
