{
  "results": [
    {
      "command": "./hacker.sh original-fixed-imm p12 -j 72 --log-prog-name p12.original.fixed.imm.72",
      "mean": 3.979986366806667,
      "stddev": 0.023100587689379764,
      "median": 3.97129323114,
      "user": 3.0841387533333333,
      "system": 0.3882186466666666,
      "min": 3.96249353914,
      "max": 4.00617233014,
      "times": [
        4.00617233014,
        3.97129323114,
        3.96249353914
      ],
      "exit_codes": [
        0,
        0,
        0
      ]
    }
  ]
}
