{
  "results": [
    {
      "command": "./scripts/target/hacker.sh inferred p12 -j 24 --log-prog-name p12.24",
      "mean": 9.831538392626667,
      "stddev": 0.07920362744105738,
      "median": 9.874162252960001,
      "user": 34.002068433333335,
      "system": 6.551682133333333,
      "min": 9.74015064996,
      "max": 9.88030227496,
      "times": [
        9.74015064996,
        9.874162252960001,
        9.88030227496
      ],
      "exit_codes": [
        0,
        0,
        0
      ]
    }
  ]
}
