{
  "results": [
    {
      "command": "./scripts/target/hacker.sh inferred p12 -j 8 --log-prog-name p12.8",
      "mean": 40.16555991029333,
      "stddev": 16.876172765989494,
      "median": 42.796742588959994,
      "user": 35.73448230666667,
      "system": 6.246325859999999,
      "min": 22.12833989696,
      "max": 55.571597244959996,
      "times": [
        22.12833989696,
        55.571597244959996,
        42.796742588959994
      ],
      "exit_codes": [
        0,
        0,
        0
      ]
    }
  ]
}
