{
  "results": [
    {
      "command": "./scripts/target/hacker.sh inferred p12 -j 1 --log-prog-name p12.1",
      "mean": 25.577514051513333,
      "stddev": 17.95754838711782,
      "median": 16.26440149018,
      "user": 15.123539373333331,
      "system": 1.99784,
      "min": 14.18966336618,
      "max": 46.27847729818,
      "times": [
        14.18966336618,
        16.26440149018,
        46.27847729818
      ],
      "exit_codes": [
        0,
        0,
        0
      ]
    }
  ]
}
