{
  "results": [
    {
      "command": "./scripts/target/hacker.sh inferred p12 -j 48 --log-prog-name p12.48",
      "mean": 16.07546440946,
      "stddev": 0.32501215433047126,
      "median": 16.19393415846,
      "user": 84.80887891333332,
      "system": 20.289655039999996,
      "min": 15.70783597246,
      "max": 16.32462309746,
      "times": [
        16.19393415846,
        16.32462309746,
        15.70783597246
      ],
      "exit_codes": [
        0,
        0,
        0
      ]
    }
  ]
}
