{
  "results": [
    {
      "command": "./scripts/target/hacker.sh inferred p13 -j 1 --log-prog-name p13.1",
      "mean": 12.762930232766665,
      "stddev": 11.232478547044055,
      "median": 6.538996550099999,
      "user": 7.750405566666665,
      "system": 1.5150031333333331,
      "min": 6.0201742751,
      "max": 25.729619873100003,
      "times": [
        6.538996550099999,
        25.729619873100003,
        6.0201742751
      ],
      "exit_codes": [
        0,
        0,
        0
      ]
    }
  ]
}
