{
  "results": [
    {
      "command": "./hacker.sh original-fixed-imm p13 -j 72 --log-prog-name p13.original.fixed.imm.72",
      "mean": 3.971913011413333,
      "stddev": 0.03585742719276596,
      "median": 3.98094256608,
      "user": 3.016917413333333,
      "system": 0.42666542666666657,
      "min": 3.93240387108,
      "max": 4.00239259708,
      "times": [
        3.93240387108,
        3.98094256608,
        4.00239259708
      ],
      "exit_codes": [
        0,
        0,
        0
      ]
    }
  ]
}
