{
  "results": [
    {
      "command": "./hacker.sh optimal-fixed-imm p13 -j 72 --log-prog-name p13.optimal.fixed.imm.72",
      "mean": 3.1740551762866667,
      "stddev": 0.009694954245482178,
      "median": 3.1723564296199998,
      "user": 2.4206739199999996,
      "system": 0.4135233733333333,
      "min": 3.1653218656199997,
      "max": 3.18448723362,
      "times": [
        3.1653218656199997,
        3.18448723362,
        3.1723564296199998
      ],
      "exit_codes": [
        0,
        0,
        0
      ]
    }
  ]
}
