{
  "results": [
    {
      "command": "./scripts/target/hacker.sh inferred p13 -j 16 --log-prog-name p13.16",
      "mean": 12.362263588666666,
      "stddev": 8.477481709378182,
      "median": 7.619539875999999,
      "user": 14.79712656,
      "system": 4.117414273333333,
      "min": 7.3175870839999995,
      "max": 22.149663806000003,
      "times": [
        7.619539875999999,
        7.3175870839999995,
        22.149663806000003
      ],
      "exit_codes": [
        0,
        0,
        0
      ]
    }
  ]
}
