{
  "results": [
    {
      "command": "./scripts/target/hacker.sh inferred p13 -j 2 --log-prog-name p13.2",
      "mean": 21.078259317153332,
      "stddev": 23.638615355833455,
      "median": 7.67925549282,
      "user": 9.185863686666666,
      "system": 1.7509221733333333,
      "min": 7.18324355282,
      "max": 48.37227890582,
      "times": [
        7.67925549282,
        7.18324355282,
        48.37227890582
      ],
      "exit_codes": [
        0,
        0,
        0
      ]
    }
  ]
}
