{
  "results": [
    {
      "command": "./scripts/target/hacker.sh original p13 -j 1 --log-prog-name p13.original.1",
      "mean": 7.482144382386667,
      "stddev": 0.3213755000600041,
      "median": 7.32966747972,
      "user": 4.729865886666666,
      "system": 0.6662667533333333,
      "min": 7.2653891347199995,
      "max": 7.85137653272,
      "times": [
        7.2653891347199995,
        7.32966747972,
        7.85137653272
      ],
      "exit_codes": [
        0,
        0,
        0
      ]
    }
  ]
}
