{
  "results": [
    {
      "command": "./scripts/target/hacker.sh inferred p13 -j 48 --log-prog-name p13.48",
      "mean": 9.161240249693334,
      "stddev": 0.1609884617575054,
      "median": 9.12418340536,
      "user": 26.482141499999997,
      "system": 9.961764266666664,
      "min": 9.02201133436,
      "max": 9.337526009360001,
      "times": [
        9.337526009360001,
        9.12418340536,
        9.02201133436
      ],
      "exit_codes": [
        0,
        0,
        0
      ]
    }
  ]
}
