{
  "results": [
    {
      "command": "./scripts/target/hacker.sh stdlib p13 -j 1 --log-prog-name p13.std.1",
      "mean": 58.84654955940001,
      "stddev": 0.599903077512817,
      "median": 59.131938858400005,
      "user": 59.025768379999995,
      "system": 0.8668278466666667,
      "min": 58.157230346400006,
      "max": 59.250479473400006,
      "times": [
        58.157230346400006,
        59.250479473400006,
        59.131938858400005
      ],
      "exit_codes": [
        0,
        0,
        0
      ]
    }
  ]
}
