{
  "results": [
    {
      "command": "./scripts/target/hacker.sh inferred p13 -j 24 --log-prog-name p13.24",
      "mean": 7.266652421566666,
      "stddev": 0.07309111739873557,
      "median": 7.2265556448999995,
      "user": 13.106769953333332,
      "system": 3.90163806,
      "min": 7.2223851989,
      "max": 7.3510164209,
      "times": [
        7.2265556448999995,
        7.3510164209,
        7.2223851989
      ],
      "exit_codes": [
        0,
        0,
        0
      ]
    }
  ]
}
