{
  "results": [
    {
      "command": "./scripts/target/hacker.sh optimal p13 -j 1 --log-prog-name p13.optimal.1",
      "mean": 15.814199523960001,
      "stddev": 15.444368433961897,
      "median": 7.44490090496,
      "user": 7.534329700000001,
      "system": 1.5299533399999998,
      "min": 6.36086339596,
      "max": 33.63683427096,
      "times": [
        6.36086339596,
        33.63683427096,
        7.44490090496
      ],
      "exit_codes": [
        0,
        0,
        0
      ]
    }
  ]
}
