{
  "results": [
    {
      "command": "./scripts/target/hacker.sh inferred p13 -j 8 --log-prog-name p13.8",
      "mean": 20.8386644803,
      "stddev": 23.587141162990907,
      "median": 7.4370305213,
      "user": 11.364373639999998,
      "system": 2.45615754,
      "min": 7.0053541673,
      "max": 48.073608752300004,
      "times": [
        48.073608752300004,
        7.4370305213,
        7.0053541673
      ],
      "exit_codes": [
        0,
        0,
        0
      ]
    }
  ]
}
