{
  "results": [
    {
      "command": "./scripts/target/hacker.sh inferred p13 -j 4 --log-prog-name p13.4",
      "mean": 7.712231809626666,
      "stddev": 0.3322490092726518,
      "median": 7.53661246996,
      "user": 7.6151631533333335,
      "system": 1.2123310533333334,
      "min": 7.5046471839599995,
      "max": 8.09543577496,
      "times": [
        7.53661246996,
        8.09543577496,
        7.5046471839599995
      ],
      "exit_codes": [
        0,
        0,
        0
      ]
    }
  ]
}
