{
  "results": [
    {
      "command": "./scripts/target/hacker.sh optimal p13 -j 72 --log-prog-name p13.optimal.72",
      "mean": 4.61502800484,
      "stddev": 0.09186534552005032,
      "median": 4.6415041208400005,
      "user": 2.6368277933333335,
      "system": 0.4927305266666666,
      "min": 4.51283207384,
      "max": 4.69074781984,
      "times": [
        4.69074781984,
        4.6415041208400005,
        4.51283207384
      ],
      "exit_codes": [
        0,
        0,
        0
      ]
    }
  ]
}
