{
  "results": [
    {
      "command": "./scripts/target/hacker.sh inferred p13 -j 72 --log-prog-name p13.72",
      "mean": 9.872477079186666,
      "stddev": 0.21227881957577205,
      "median": 9.96062011952,
      "user": 35.313327826666665,
      "system": 14.7056688,
      "min": 9.63032628052,
      "max": 10.02648483752,
      "times": [
        9.96062011952,
        9.63032628052,
        10.02648483752
      ],
      "exit_codes": [
        0,
        0,
        0
      ]
    }
  ]
}
