{
  "results": [
    {
      "command": "./scripts/target/hacker.sh original p13 -j 72 --log-prog-name p13.original.72",
      "mean": 5.577338809126666,
      "stddev": 0.04724311133972486,
      "median": 5.590332135460001,
      "user": 3.004373133333333,
      "system": 0.4443119133333333,
      "min": 5.524958688460001,
      "max": 5.61672560346,
      "times": [
        5.61672560346,
        5.590332135460001,
        5.524958688460001
      ],
      "exit_codes": [
        0,
        0,
        0
      ]
    }
  ]
}
