{
  "results": [
    {
      "command": "./scripts/target/hacker.sh inferred p14 -j 48 --log-prog-name p14.48",
      "mean": 13.622462759260001,
      "stddev": 1.908460751123634,
      "median": 12.59827175126,
      "user": 108.48739053999998,
      "system": 17.573813646666665,
      "min": 12.444736668260001,
      "max": 15.82437985826,
      "times": [
        15.82437985826,
        12.59827175126,
        12.444736668260001
      ],
      "exit_codes": [
        0,
        0,
        0
      ]
    }
  ]
}
