{
  "results": [
    {
      "command": "./hacker.sh original-fixed-imm p14 -j 72 --log-prog-name p14.original.fixed.imm.72",
      "mean": 4.057248286386667,
      "stddev": 0.05063993383288846,
      "median": 4.06682489872,
      "user": 3.116588613333333,
      "system": 0.41220814666666666,
      "min": 4.00250380672,
      "max": 4.10241615372,
      "times": [
        4.10241615372,
        4.00250380672,
        4.06682489872
      ],
      "exit_codes": [
        0,
        0,
        0
      ]
    }
  ]
}
