{
  "results": [
    {
      "command": "./scripts/target/hacker.sh inferred p14 -j 8 --log-prog-name p14.8",
      "mean": 39.95411441864001,
      "stddev": 9.855642057599622,
      "median": 36.42957207564,
      "user": 70.64183241333333,
      "system": 8.197820640000002,
      "min": 32.345319411640006,
      "max": 51.08745176864,
      "times": [
        32.345319411640006,
        51.08745176864,
        36.42957207564
      ],
      "exit_codes": [
        0,
        0,
        0
      ]
    }
  ]
}
