{
  "results": [
    {
      "command": "./scripts/target/hacker.sh inferred p14 -j 2 --log-prog-name p14.2",
      "mean": 23.10153981335333,
      "stddev": 1.0324188261640064,
      "median": 23.07327401202,
      "user": 34.547698806666666,
      "system": 2.1963747733333334,
      "min": 22.083544129019998,
      "max": 24.14780129902,
      "times": [
        23.07327401202,
        22.083544129019998,
        24.14780129902
      ],
      "exit_codes": [
        0,
        0,
        0
      ]
    }
  ]
}
