{
  "results": [
    {
      "command": "./hacker.sh optimal-fixed-imm p14 -j 72 --log-prog-name p14.optimal.fixed.imm.72",
      "mean": 3.7103042978533334,
      "stddev": 0.04417062340857846,
      "median": 3.6966583645199997,
      "user": 2.936237286666666,
      "system": 0.4973680533333333,
      "min": 3.67456689152,
      "max": 3.75968763752,
      "times": [
        3.75968763752,
        3.6966583645199997,
        3.67456689152
      ],
      "exit_codes": [
        0,
        0,
        0
      ]
    }
  ]
}
