{
  "results": [
    {
      "command": "./scripts/target/hacker.sh inferred p14 -j 4 --log-prog-name p14.4",
      "mean": 39.05153199417333,
      "stddev": 13.147364905641565,
      "median": 37.703074650839994,
      "user": 64.45026068,
      "system": 6.287811793333333,
      "min": 26.63036257884,
      "max": 52.82115875284,
      "times": [
        52.82115875284,
        37.703074650839994,
        26.63036257884
      ],
      "exit_codes": [
        0,
        0,
        0
      ]
    }
  ]
}
