{
  "results": [
    {
      "command": "./scripts/target/hacker.sh original p14 -j 72 --log-prog-name p14.original.72",
      "mean": 5.806005472593333,
      "stddev": 0.0077428147453554195,
      "median": 5.8039967382599995,
      "user": 3.0997838800000004,
      "system": 0.4428573,
      "min": 5.79946497926,
      "max": 5.8145547002599995,
      "times": [
        5.8145547002599995,
        5.79946497926,
        5.8039967382599995
      ],
      "exit_codes": [
        0,
        0,
        0
      ]
    }
  ]
}
