{
  "results": [
    {
      "command": "./scripts/target/hacker.sh inferred p14 -j 1 --log-prog-name p14.1",
      "mean": 29.587456875966666,
      "stddev": 12.725799450709694,
      "median": 22.8814888763,
      "user": 24.454965086666665,
      "system": 2.1627604266666665,
      "min": 21.6170815443,
      "max": 44.2638002073,
      "times": [
        21.6170815443,
        44.2638002073,
        22.8814888763
      ],
      "exit_codes": [
        0,
        0,
        0
      ]
    }
  ]
}
