{
  "results": [
    {
      "command": "./scripts/target/hacker.sh stdlib p14 -j 1 --log-prog-name p14.std.1",
      "mean": 210.47362784636664,
      "stddev": 1.8096468969224877,
      "median": 210.9051688287,
      "user": 214.0145438466666,
      "system": 1.6662753133333332,
      "min": 208.48722154369997,
      "max": 212.02849316669997,
      "times": [
        208.48722154369997,
        212.02849316669997,
        210.9051688287
      ],
      "exit_codes": [
        0,
        0,
        0
      ]
    }
  ]
}
