{
  "results": [
    {
      "command": "./scripts/target/hacker.sh original p14 -j 1 --log-prog-name p14.original.1",
      "mean": 18.121494724713333,
      "stddev": 18.528356685590254,
      "median": 7.50471870438,
      "user": 7.7320331,
      "system": 1.5354558266666665,
      "min": 7.34376910638,
      "max": 39.51599636338,
      "times": [
        7.50471870438,
        39.51599636338,
        7.34376910638
      ],
      "exit_codes": [
        0,
        0,
        0
      ]
    }
  ]
}
