{
  "results": [
    {
      "command": "./scripts/target/hacker.sh inferred p14 -j 72 --log-prog-name p14.72",
      "mean": 15.367811681526668,
      "stddev": 2.7505605706172327,
      "median": 13.82324661886,
      "user": 148.96165898666666,
      "system": 27.577764206666668,
      "min": 13.73669609186,
      "max": 18.54349233386,
      "times": [
        13.73669609186,
        13.82324661886,
        18.54349233386
      ],
      "exit_codes": [
        0,
        0,
        0
      ]
    }
  ]
}
