{
  "results": [
    {
      "command": "./scripts/target/hacker.sh inferred p14 -j 24 --log-prog-name p14.24",
      "mean": 13.649462764146667,
      "stddev": 1.0598309391017604,
      "median": 13.106215345479999,
      "user": 78.02652413333334,
      "system": 9.8291738,
      "min": 12.97140057748,
      "max": 14.87077236948,
      "times": [
        14.87077236948,
        12.97140057748,
        13.106215345479999
      ],
      "exit_codes": [
        0,
        0,
        0
      ]
    }
  ]
}
