{
  "results": [
    {
      "command": "./scripts/target/hacker.sh stdlib_fixed_imm p14 -j 1 --log-prog-name p14.std.fixed.imm.1",
      "mean": 551.01513477078,
      "stddev": 17.002058845417462,
      "median": 543.37177977378,
      "user": 555.9207089466667,
      "system": 1.7610938066666666,
      "min": 539.17621367678,
      "max": 570.49741086178,
      "times": [
        570.49741086178,
        543.37177977378,
        539.17621367678
      ],
      "exit_codes": [
        0,
        0,
        0
      ]
    }
  ]
}
