{
  "results": [
    {
      "command": "./scripts/target/hacker.sh optimal p14 -j 72 --log-prog-name p14.optimal.72",
      "mean": 5.5433162209799995,
      "stddev": 0.11964497151089352,
      "median": 5.6003352049799995,
      "user": 3.0597461066666667,
      "system": 0.5537366466666667,
      "min": 5.40582716298,
      "max": 5.6237862949799995,
      "times": [
        5.6003352049799995,
        5.40582716298,
        5.6237862949799995
      ],
      "exit_codes": [
        0,
        0,
        0
      ]
    }
  ]
}
