{
  "results": [
    {
      "command": "./scripts/target/hacker.sh optimal p14 -j 1 --log-prog-name p14.optimal.1",
      "mean": 31.524319062126665,
      "stddev": 19.75530519912511,
      "median": 38.387746202459994,
      "user": 12.28588322,
      "system": 2.616544193333333,
      "min": 9.25269812946,
      "max": 46.93251285445999,
      "times": [
        38.387746202459994,
        9.25269812946,
        46.93251285445999
      ],
      "exit_codes": [
        0,
        0,
        0
      ]
    }
  ]
}
