{
  "results": [
    {
      "command": "./scripts/target/hacker.sh inferred p14 -j 16 --log-prog-name p14.16",
      "mean": 16.141745158713334,
      "stddev": 0.9270025139452976,
      "median": 16.472083939380003,
      "user": 78.02759420666666,
      "system": 8.74450382,
      "min": 15.094821336379999,
      "max": 16.858330200380003,
      "times": [
        15.094821336379999,
        16.858330200380003,
        16.472083939380003
      ],
      "exit_codes": [
        0,
        0,
        0
      ]
    }
  ]
}
