{
  "results": [
    {
      "command": "./scripts/target/hacker.sh inferred p15 -j 8 --log-prog-name p15.8",
      "mean": 23.058808691906666,
      "stddev": 11.604294370357259,
      "median": 17.214406924240002,
      "user": 55.54182833333332,
      "system": 5.796635186666666,
      "min": 15.53869786724,
      "max": 36.423321284240004,
      "times": [
        36.423321284240004,
        15.53869786724,
        17.214406924240002
      ],
      "exit_codes": [
        0,
        0,
        0
      ]
    }
  ]
}
