{
  "results": [
    {
      "command": "./scripts/target/hacker.sh inferred p15 -j 24 --log-prog-name p15.24",
      "mean": 16.70705550668,
      "stddev": 1.1534182706935248,
      "median": 17.12624340568,
      "user": 102.73881860666665,
      "system": 13.402256353333334,
      "min": 15.40266256368,
      "max": 17.592260550680002,
      "times": [
        15.40266256368,
        17.12624340568,
        17.592260550680002
      ],
      "exit_codes": [
        0,
        0,
        0
      ]
    }
  ]
}
