{
  "results": [
    {
      "command": "./hacker.sh original-fixed-imm p15 -j 72 --log-prog-name p15.original.fixed.imm.72",
      "mean": 4.394446337386667,
      "stddev": 0.05300925179822997,
      "median": 4.42491098872,
      "user": 3.364605426666666,
      "system": 0.4369649199999999,
      "min": 4.33323673972,
      "max": 4.42519128372,
      "times": [
        4.33323673972,
        4.42491098872,
        4.42519128372
      ],
      "exit_codes": [
        0,
        0,
        0
      ]
    }
  ]
}
