{
  "results": [
    {
      "command": "./scripts/target/hacker.sh original p15 -j 72 --log-prog-name p15.original.72",
      "mean": 5.786015989613333,
      "stddev": 0.010246240887910728,
      "median": 5.78799561928,
      "user": 3.096515553333333,
      "system": 0.42749477333333336,
      "min": 5.77492438028,
      "max": 5.79512796928,
      "times": [
        5.77492438028,
        5.78799561928,
        5.79512796928
      ],
      "exit_codes": [
        0,
        0,
        0
      ]
    }
  ]
}
