{
  "results": [
    {
      "command": "./scripts/target/hacker.sh inferred p15 -j 48 --log-prog-name p15.48",
      "mean": 16.91415183752,
      "stddev": 2.8353503574205123,
      "median": 17.380142503520002,
      "user": 157.6544967333333,
      "system": 24.151861273333328,
      "min": 13.87467273052,
      "max": 19.48764027852,
      "times": [
        17.380142503520002,
        13.87467273052,
        19.48764027852
      ],
      "exit_codes": [
        0,
        0,
        0
      ]
    }
  ]
}
