{
  "results": [
    {
      "command": "./scripts/target/hacker.sh inferred p15 -j 16 --log-prog-name p15.16",
      "mean": 20.260357935780004,
      "stddev": 7.377476946436088,
      "median": 16.57574774078,
      "user": 82.99006908666667,
      "system": 9.6713642,
      "min": 15.45097889478,
      "max": 28.75434717178,
      "times": [
        15.45097889478,
        28.75434717178,
        16.57574774078
      ],
      "exit_codes": [
        0,
        0,
        0
      ]
    }
  ]
}
