{
  "results": [
    {
      "command": "./scripts/target/hacker.sh optimal p15 -j 72 --log-prog-name p15.optimal.72",
      "mean": 5.217602050406666,
      "stddev": 0.049849210381603046,
      "median": 5.237986128739999,
      "user": 3.037009513333333,
      "system": 0.5558829799999999,
      "min": 5.16079122974,
      "max": 5.25402879274,
      "times": [
        5.237986128739999,
        5.25402879274,
        5.16079122974
      ],
      "exit_codes": [
        0,
        0,
        0
      ]
    }
  ]
}
