{
  "results": [
    {
      "command": "./scripts/target/hacker.sh inferred p15 -j 2 --log-prog-name p15.2",
      "mean": 36.68859155302667,
      "stddev": 17.944288988343775,
      "median": 29.12710739536,
      "user": 44.21198424666667,
      "system": 3.30582342,
      "min": 23.76258423836,
      "max": 57.17608302536,
      "times": [
        57.17608302536,
        29.12710739536,
        23.76258423836
      ],
      "exit_codes": [
        0,
        0,
        0
      ]
    }
  ]
}
