{
  "results": [
    {
      "command": "./scripts/target/hacker.sh inferred p15 -j 4 --log-prog-name p15.4",
      "mean": 31.475420188533334,
      "stddev": 7.856827401210553,
      "median": 27.2720504322,
      "user": 58.997357646666664,
      "system": 5.415025466666666,
      "min": 26.6144547932,
      "max": 40.5397553402,
      "times": [
        40.5397553402,
        26.6144547932,
        27.2720504322
      ],
      "exit_codes": [
        0,
        0,
        0
      ]
    }
  ]
}
