{
  "results": [
    {
      "command": "./hacker.sh optimal-fixed-imm p15 -j 72 --log-prog-name p15.optimal.fixed.imm.72",
      "mean": 3.687838092693333,
      "stddev": 0.04306709150643998,
      "median": 3.67640434036,
      "user": 2.9764653866666664,
      "system": 0.4903959666666666,
      "min": 3.65164164936,
      "max": 3.73546828836,
      "times": [
        3.73546828836,
        3.65164164936,
        3.67640434036
      ],
      "exit_codes": [
        0,
        0,
        0
      ]
    }
  ]
}
