{
  "results": [
    {
      "command": "./scripts/target/hacker.sh inferred p15 -j 1 --log-prog-name p15.1",
      "mean": 32.36734530238667,
      "stddev": 11.44605241016456,
      "median": 25.791061069719998,
      "user": 27.406139893333332,
      "system": 2.3690298333333333,
      "min": 25.72691853672,
      "max": 45.58405630072,
      "times": [
        25.791061069719998,
        25.72691853672,
        45.58405630072
      ],
      "exit_codes": [
        0,
        0,
        0
      ]
    }
  ]
}
