{
  "results": [
    {
      "command": "./scripts/target/hacker.sh inferred p15 -j 72 --log-prog-name p15.72",
      "mean": 13.672815016373335,
      "stddev": 0.6224894180899209,
      "median": 13.86289231704,
      "user": 139.32627532666666,
      "system": 24.386464533333328,
      "min": 12.97744642304,
      "max": 14.17810630904,
      "times": [
        14.17810630904,
        13.86289231704,
        12.97744642304
      ],
      "exit_codes": [
        0,
        0,
        0
      ]
    }
  ]
}
