{
  "results": [
    {
      "command": "./scripts/target/hacker.sh stdlib p15 -j 1 --log-prog-name p15.std.1",
      "mean": 185.61441140190666,
      "stddev": 1.4694889357488323,
      "median": 184.87577185524,
      "user": 187.30395030666662,
      "system": 1.4251533533333334,
      "min": 184.66077749224,
      "max": 187.30668485824,
      "times": [
        184.87577185524,
        187.30668485824,
        184.66077749224
      ],
      "exit_codes": [
        0,
        0,
        0
      ]
    }
  ]
}
