{
  "results": [
    {
      "command": "./scripts/target/hacker.sh optimal p15 -j 1 --log-prog-name p15.optimal.1",
      "mean": 16.273036897386664,
      "stddev": 13.265101112010573,
      "median": 8.97733919772,
      "user": 9.897007373333333,
      "system": 2.0334606666666666,
      "min": 8.257159763719999,
      "max": 31.58461173072,
      "times": [
        8.257159763719999,
        31.58461173072,
        8.97733919772
      ],
      "exit_codes": [
        0,
        0,
        0
      ]
    }
  ]
}
