{
  "results": [
    {
      "command": "./scripts/target/hacker.sh stdlib_fixed_imm p15 -j 1 --log-prog-name p15.std.fixed.imm.1",
      "mean": 311.0717375572467,
      "stddev": 5.369101703373525,
      "median": 309.60027879158,
      "user": 313.9921892666666,
      "system": 1.5318859866666665,
      "min": 306.59178290758,
      "max": 317.02315097258,
      "times": [
        309.60027879158,
        317.02315097258,
        306.59178290758
      ],
      "exit_codes": [
        0,
        0,
        0
      ]
    }
  ]
}
