{
  "results": [
    {
      "command": "./scripts/target/hacker.sh inferred p16 -j 24 --log-prog-name p16.24",
      "mean": 6.1813336192533335,
      "stddev": 0.024919869722367746,
      "median": 6.18114948492,
      "user": 6.650035213333333,
      "system": 2.1209169466666666,
      "min": 6.15650632692,
      "max": 6.20634504592,
      "times": [
        6.18114948492,
        6.15650632692,
        6.20634504592
      ],
      "exit_codes": [
        0,
        0,
        0
      ]
    }
  ]
}
