{
  "results": [
    {
      "command": "./scripts/target/hacker.sh optimal p16 -j 72 --log-prog-name p16.optimal.72",
      "mean": 4.199060157039999,
      "stddev": 0.03844155697760604,
      "median": 4.20241913704,
      "user": 2.5200016133333336,
      "system": 0.46111194666666666,
      "min": 4.1590493320399995,
      "max": 4.23571200204,
      "times": [
        4.20241913704,
        4.23571200204,
        4.1590493320399995
      ],
      "exit_codes": [
        0,
        0,
        0
      ]
    }
  ]
}
