{
  "results": [
    {
      "command": "./scripts/target/hacker.sh inferred p16 -j 16 --log-prog-name p16.16",
      "mean": 7.253429299113333,
      "stddev": 0.5411562677517404,
      "median": 6.96066248878,
      "user": 7.294326206666667,
      "system": 1.886615113333333,
      "min": 6.92172714478,
      "max": 7.87789826378,
      "times": [
        6.96066248878,
        6.92172714478,
        7.87789826378
      ],
      "exit_codes": [
        0,
        0,
        0
      ]
    }
  ]
}
