{
  "results": [
    {
      "command": "./scripts/target/hacker.sh stdlib p16 -j 1 --log-prog-name p16.std.1",
      "mean": 25.810119348620002,
      "stddev": 0.03241453639542664,
      "median": 25.819907201619998,
      "user": 25.139621493333333,
      "system": 0.8959293,
      "min": 25.77393883362,
      "max": 25.836512010619998,
      "times": [
        25.77393883362,
        25.836512010619998,
        25.819907201619998
      ],
      "exit_codes": [
        0,
        0,
        0
      ]
    }
  ]
}
