{
  "results": [
    {
      "command": "./hacker.sh optimal-fixed-imm p16 -j 72 --log-prog-name p16.optimal.fixed.imm.72",
      "mean": 3.1790730314466664,
      "stddev": 0.05417940685533487,
      "median": 3.19695841578,
      "user": 2.424221793333333,
      "system": 0.42192582,
      "min": 3.11821220278,
      "max": 3.22204847578,
      "times": [
        3.11821220278,
        3.19695841578,
        3.22204847578
      ],
      "exit_codes": [
        0,
        0,
        0
      ]
    }
  ]
}
