{
  "results": [
    {
      "command": "./scripts/target/hacker.sh inferred p16 -j 72 --log-prog-name p16.72",
      "mean": 5.550337629446666,
      "stddev": 0.11728184835565972,
      "median": 5.501949435779999,
      "user": 9.892663413333333,
      "system": 3.6039649399999996,
      "min": 5.46499192078,
      "max": 5.68407153178,
      "times": [
        5.68407153178,
        5.46499192078,
        5.501949435779999
      ],
      "exit_codes": [
        0,
        0,
        0
      ]
    }
  ]
}
