{
  "results": [
    {
      "command": "./hacker.sh original-fixed-imm p16 -j 72 --log-prog-name p16.original.fixed.imm.72",
      "mean": 7.658920554279999,
      "stddev": 0.04925468018381306,
      "median": 7.6727375662799995,
      "user": 6.978058966666667,
      "system": 0.5110012866666667,
      "min": 7.604232961279999,
      "max": 7.69979113528,
      "times": [
        7.604232961279999,
        7.69979113528,
        7.6727375662799995
      ],
      "exit_codes": [
        0,
        0,
        0
      ]
    }
  ]
}
