{
  "results": [
    {
      "command": "./scripts/target/hacker.sh inferred p16 -j 4 --log-prog-name p16.4",
      "mean": 18.070526271820004,
      "stddev": 17.819174663619687,
      "median": 8.19501594182,
      "user": 9.928168253333332,
      "system": 2.0741275799999994,
      "min": 7.37566465382,
      "max": 38.64089821982,
      "times": [
        38.64089821982,
        8.19501594182,
        7.37566465382
      ],
      "exit_codes": [
        0,
        0,
        0
      ]
    }
  ]
}
