{
  "results": [
    {
      "command": "./scripts/target/hacker.sh inferred p16 -j 2 --log-prog-name p16.2",
      "mean": 27.367454239946667,
      "stddev": 19.549743848883608,
      "median": 32.179693692280004,
      "user": 9.37993078,
      "system": 2.270413853333333,
      "min": 5.86096152928,
      "max": 44.06170749828,
      "times": [
        44.06170749828,
        5.86096152928,
        32.179693692280004
      ],
      "exit_codes": [
        0,
        0,
        0
      ]
    }
  ]
}
