{
  "results": [
    {
      "command": "./scripts/target/hacker.sh optimal p16 -j 1 --log-prog-name p16.optimal.1",
      "mean": 8.267172534233334,
      "stddev": 0.08801928905433036,
      "median": 8.2587549949,
      "user": 6.1447516066666665,
      "system": 0.8989299933333333,
      "min": 8.1836644069,
      "max": 8.3590982009,
      "times": [
        8.3590982009,
        8.1836644069,
        8.2587549949
      ],
      "exit_codes": [
        0,
        0,
        0
      ]
    }
  ]
}
