{
  "results": [
    {
      "command": "./scripts/target/hacker.sh original p16 -j 1 --log-prog-name p16.original.1",
      "mean": 43.04538943563333,
      "stddev": 10.403022158903141,
      "median": 42.3440794133,
      "user": 18.037765713333332,
      "system": 3.448776413333333,
      "min": 33.0107667313,
      "max": 53.7813221623,
      "times": [
        42.3440794133,
        33.0107667313,
        53.7813221623
      ],
      "exit_codes": [
        0,
        0,
        0
      ]
    }
  ]
}
