{
  "results": [
    {
      "command": "./scripts/target/hacker.sh inferred p16 -j 48 --log-prog-name p16.48",
      "mean": 6.00071083012,
      "stddev": 0.06076384823025895,
      "median": 5.97743020412,
      "user": 9.787031146666665,
      "system": 3.6470565666666666,
      "min": 5.95502964112,
      "max": 6.069672645120001,
      "times": [
        6.069672645120001,
        5.95502964112,
        5.97743020412
      ],
      "exit_codes": [
        0,
        0,
        0
      ]
    }
  ]
}
