{
  "results": [
    {
      "command": "./scripts/target/hacker.sh inferred p16 -j 8 --log-prog-name p16.8",
      "mean": 6.703957625553333,
      "stddev": 0.2516893094210907,
      "median": 6.61002386922,
      "user": 5.774040813333333,
      "system": 1.2881616599999999,
      "min": 6.5127442242199995,
      "max": 6.989104783219999,
      "times": [
        6.5127442242199995,
        6.989104783219999,
        6.61002386922
      ],
      "exit_codes": [
        0,
        0,
        0
      ]
    }
  ]
}
