{
  "results": [
    {
      "command": "./scripts/target/hacker.sh original p16 -j 72 --log-prog-name p16.original.72",
      "mean": 7.591450863440001,
      "stddev": 0.024527180196805057,
      "median": 7.577741474440001,
      "user": 4.825891913333333,
      "system": 0.5032565466666666,
      "min": 7.57684345044,
      "max": 7.61976766544,
      "times": [
        7.57684345044,
        7.577741474440001,
        7.61976766544
      ],
      "exit_codes": [
        0,
        0,
        0
      ]
    }
  ]
}
