{
  "results": [
    {
      "command": "./scripts/target/hacker.sh inferred p16 -j 1 --log-prog-name p16.1",
      "mean": 6.470213097466666,
      "stddev": 0.32155388568574805,
      "median": 6.3989738398,
      "user": 4.601580486666666,
      "system": 0.6337988666666666,
      "min": 6.1902528988,
      "max": 6.8214125538,
      "times": [
        6.8214125538,
        6.3989738398,
        6.1902528988
      ],
      "exit_codes": [
        0,
        0,
        0
      ]
    }
  ]
}
