{
  "results": [
    {
      "command": "./scripts/target/hacker.sh stdlib p17 -j 1 --log-prog-name p17.std.1",
      "mean": 171.66348848023335,
      "stddev": 0.479502636968522,
      "median": 171.5704839439,
      "user": 174.56978428666665,
      "system": 1.20115378,
      "min": 171.2373012139,
      "max": 172.1826802829,
      "times": [
        171.2373012139,
        171.5704839439,
        172.1826802829
      ],
      "exit_codes": [
        0,
        0,
        0
      ]
    }
  ]
}
