{
  "results": [
    {
      "command": "./scripts/target/hacker.sh optimal p17 -j 72 --log-prog-name p17.optimal.72",
      "mean": 4.339776205520001,
      "stddev": 0.10860120421403073,
      "median": 4.38946004052,
      "user": 2.69052014,
      "system": 0.4807680733333333,
      "min": 4.21522040252,
      "max": 4.414648173520001,
      "times": [
        4.414648173520001,
        4.38946004052,
        4.21522040252
      ],
      "exit_codes": [
        0,
        0,
        0
      ]
    }
  ]
}
