{
  "results": [
    {
      "command": "./scripts/target/hacker.sh inferred p17 -j 2 --log-prog-name p17.2",
      "mean": 31.112912776886663,
      "stddev": 1.0453286580307648,
      "median": 31.06948363422,
      "user": 47.096043400000006,
      "system": 2.0484799666666667,
      "min": 30.089975523219998,
      "max": 32.179279173219996,
      "times": [
        31.06948363422,
        32.179279173219996,
        30.089975523219998
      ],
      "exit_codes": [
        0,
        0,
        0
      ]
    }
  ]
}
