{
  "results": [
    {
      "command": "./scripts/target/hacker.sh inferred p17 -j 24 --log-prog-name p17.24",
      "mean": 13.379954636593334,
      "stddev": 0.8836307363584365,
      "median": 13.10776034026,
      "user": 90.73877311333335,
      "system": 9.317623826666667,
      "min": 12.66444390726,
      "max": 14.36765966226,
      "times": [
        14.36765966226,
        12.66444390726,
        13.10776034026
      ],
      "exit_codes": [
        0,
        0,
        0
      ]
    }
  ]
}
