{
  "results": [
    {
      "command": "./scripts/target/hacker.sh inferred p17 -j 4 --log-prog-name p17.4",
      "mean": 30.509579345673334,
      "stddev": 6.704155232627822,
      "median": 26.904892390340002,
      "user": 62.29842200666666,
      "system": 4.63640078,
      "min": 26.37893273834,
      "max": 38.24491290834,
      "times": [
        26.904892390340002,
        38.24491290834,
        26.37893273834
      ],
      "exit_codes": [
        0,
        0,
        0
      ]
    }
  ]
}
