{
  "results": [
    {
      "command": "./scripts/target/hacker.sh original p17 -j 72 --log-prog-name p17.original.72",
      "mean": 6.282153422173334,
      "stddev": 0.007046619756972372,
      "median": 6.28478146984,
      "user": 3.1235504266666663,
      "system": 0.4411882533333333,
      "min": 6.274170449840001,
      "max": 6.28750834684,
      "times": [
        6.274170449840001,
        6.28750834684,
        6.28478146984
      ],
      "exit_codes": [
        0,
        0,
        0
      ]
    }
  ]
}
