{
  "results": [
    {
      "command": "./scripts/target/hacker.sh inferred p17 -j 72 --log-prog-name p17.72",
      "mean": 12.9452626911,
      "stddev": 2.179208141322371,
      "median": 12.2138111681,
      "user": 144.11005978666665,
      "system": 23.802022339999997,
      "min": 11.2258788331,
      "max": 15.396098072100001,
      "times": [
        12.2138111681,
        11.2258788331,
        15.396098072100001
      ],
      "exit_codes": [
        0,
        0,
        0
      ]
    }
  ]
}
