{
  "results": [
    {
      "command": "./scripts/target/hacker.sh inferred p17 -j 1 --log-prog-name p17.1",
      "mean": 41.53955906013333,
      "stddev": 17.56664971664822,
      "median": 34.7274403318,
      "user": 34.21153068,
      "system": 2.0781255266666667,
      "min": 28.3992151568,
      "max": 61.4920216918,
      "times": [
        61.4920216918,
        34.7274403318,
        28.3992151568
      ],
      "exit_codes": [
        0,
        0,
        0
      ]
    }
  ]
}
