{
  "results": [
    {
      "command": "./scripts/target/hacker.sh stdlib_fixed_imm p17 -j 1 --log-prog-name p17.std.fixed.imm.1",
      "mean": 131.48206145850665,
      "stddev": 0.7873436212951402,
      "median": 131.91591910384,
      "user": 132.83353278,
      "system": 0.9882487933333333,
      "min": 130.57322539083998,
      "max": 131.95703988084,
      "times": [
        130.57322539083998,
        131.95703988084,
        131.91591910384
      ],
      "exit_codes": [
        0,
        0,
        0
      ]
    }
  ]
}
