{
  "results": [
    {
      "command": "./scripts/target/hacker.sh original p17 -j 1 --log-prog-name p17.original.1",
      "mean": 22.298854458073336,
      "stddev": 12.993371942977625,
      "median": 28.98080580474,
      "user": 9.884814873333333,
      "system": 2.3215392666666665,
      "min": 7.32424826374,
      "max": 30.59150930574,
      "times": [
        28.98080580474,
        30.59150930574,
        7.32424826374
      ],
      "exit_codes": [
        0,
        0,
        0
      ]
    }
  ]
}
