{
  "results": [
    {
      "command": "./scripts/target/hacker.sh inferred p17 -j 8 --log-prog-name p17.8",
      "mean": 19.034672214426664,
      "stddev": 1.3799521648690714,
      "median": 18.748733948759998,
      "user": 65.84185535333333,
      "system": 4.875191739999999,
      "min": 17.82008933776,
      "max": 20.53519335676,
      "times": [
        20.53519335676,
        18.748733948759998,
        17.82008933776
      ],
      "exit_codes": [
        0,
        0,
        0
      ]
    }
  ]
}
