{
  "results": [
    {
      "command": "./hacker.sh optimal-fixed-imm p17 -j 72 --log-prog-name p17.optimal.fixed.imm.72",
      "mean": 3.1792190874866666,
      "stddev": 0.12706528283505553,
      "median": 3.1204978298199997,
      "user": 2.523266933333333,
      "system": 0.4143623066666667,
      "min": 3.09213467982,
      "max": 3.32502475282,
      "times": [
        3.32502475282,
        3.09213467982,
        3.1204978298199997
      ],
      "exit_codes": [
        0,
        0,
        0
      ]
    }
  ]
}
