{
  "results": [
    {
      "command": "./scripts/target/hacker.sh inferred p17 -j 16 --log-prog-name p17.16",
      "mean": 17.213684857266667,
      "stddev": 1.8143290041936435,
      "median": 17.005011540599998,
      "user": 92.38378627333333,
      "system": 8.651729806666667,
      "min": 15.5127150816,
      "max": 19.1233279496,
      "times": [
        19.1233279496,
        15.5127150816,
        17.005011540599998
      ],
      "exit_codes": [
        0,
        0,
        0
      ]
    }
  ]
}
