{
  "results": [
    {
      "command": "./scripts/target/hacker.sh inferred p17 -j 48 --log-prog-name p17.48",
      "mean": 13.343585548326667,
      "stddev": 0.4403933331668701,
      "median": 13.40090529266,
      "user": 111.99990842,
      "system": 17.24991893333333,
      "min": 12.87733897266,
      "max": 13.75251237966,
      "times": [
        12.87733897266,
        13.75251237966,
        13.40090529266
      ],
      "exit_codes": [
        0,
        0,
        0
      ]
    }
  ]
}
