{
  "results": [
    {
      "command": "./scripts/target/hacker.sh optimal p17 -j 1 --log-prog-name p17.optimal.1",
      "mean": 21.400509039246668,
      "stddev": 22.129485792610303,
      "median": 8.73775957758,
      "user": 9.839824120000001,
      "system": 1.9562655333333334,
      "min": 8.51066571558,
      "max": 46.953101824579996,
      "times": [
        46.953101824579996,
        8.73775957758,
        8.51066571558
      ],
      "exit_codes": [
        0,
        0,
        0
      ]
    }
  ]
}
