{
  "results": [
    {
      "command": "./scripts/target/hacker.sh inferred p18 -j 2 --log-prog-name p18.2",
      "mean": 11.812160029300001,
      "stddev": 0.5259991777360632,
      "median": 11.9029942013,
      "user": 12.32199556,
      "system": 1.3056815066666665,
      "min": 11.2466592963,
      "max": 12.2868265903,
      "times": [
        11.2466592963,
        12.2868265903,
        11.9029942013
      ],
      "exit_codes": [
        0,
        0,
        0
      ]
    }
  ]
}
