{
  "results": [
    {
      "command": "./scripts/target/hacker.sh inferred p18 -j 16 --log-prog-name p18.16",
      "mean": 11.299848517906668,
      "stddev": 0.6481272000743799,
      "median": 11.52697078224,
      "user": 32.457282246666665,
      "system": 5.5024109066666655,
      "min": 10.56872728724,
      "max": 11.80384748424,
      "times": [
        10.56872728724,
        11.52697078224,
        11.80384748424
      ],
      "exit_codes": [
        0,
        0,
        0
      ]
    }
  ]
}
