{
  "results": [
    {
      "command": "./scripts/target/hacker.sh inferred p18 -j 1 --log-prog-name p18.1",
      "mean": 11.107384693886667,
      "stddev": 0.9666193102440249,
      "median": 10.600291435219999,
      "user": 8.67108302,
      "system": 0.9065617666666667,
      "min": 10.49983016122,
      "max": 12.22203248522,
      "times": [
        10.49983016122,
        12.22203248522,
        10.600291435219999
      ],
      "exit_codes": [
        0,
        0,
        0
      ]
    }
  ]
}
