{
  "results": [
    {
      "command": "./scripts/target/hacker.sh original p18 -j 72 --log-prog-name p18.original.72",
      "mean": 6.29371198378,
      "stddev": 0.03421244766162821,
      "median": 6.2800003777799995,
      "user": 3.6273521999999994,
      "system": 0.47398228,
      "min": 6.26848219078,
      "max": 6.33265338278,
      "times": [
        6.33265338278,
        6.26848219078,
        6.2800003777799995
      ],
      "exit_codes": [
        0,
        0,
        0
      ]
    }
  ]
}
