{
  "results": [
    {
      "command": "./scripts/target/hacker.sh inferred p18 -j 4 --log-prog-name p18.4",
      "mean": 14.18138070308,
      "stddev": 1.5673843735090194,
      "median": 15.08063318908,
      "user": 20.737604819999998,
      "system": 2.5248752666666667,
      "min": 12.37153297108,
      "max": 15.09197594908,
      "times": [
        15.08063318908,
        15.09197594908,
        12.37153297108
      ],
      "exit_codes": [
        0,
        0,
        0
      ]
    }
  ]
}
