{
  "results": [
    {
      "command": "./scripts/target/hacker.sh inferred p18 -j 8 --log-prog-name p18.8",
      "mean": 15.742835890999999,
      "stddev": 8.784510058757894,
      "median": 12.224979060999999,
      "user": 27.28599819333333,
      "system": 4.110273686666666,
      "min": 9.262460362999999,
      "max": 25.741068249,
      "times": [
        12.224979060999999,
        9.262460362999999,
        25.741068249
      ],
      "exit_codes": [
        0,
        0,
        0
      ]
    }
  ]
}
