{
  "results": [
    {
      "command": "./scripts/target/hacker.sh optimal p18 -j 72 --log-prog-name p18.optimal.72",
      "mean": 4.018086629686667,
      "stddev": 0.012208985324160015,
      "median": 4.01587176002,
      "user": 2.563930393333333,
      "system": 0.45578492666666665,
      "min": 4.00713669802,
      "max": 4.031251431019999,
      "times": [
        4.00713669802,
        4.031251431019999,
        4.01587176002
      ],
      "exit_codes": [
        0,
        0,
        0
      ]
    }
  ]
}
