{
  "results": [
    {
      "command": "./scripts/target/hacker.sh original p18 -j 1 --log-prog-name p18.original.1",
      "mean": 13.794473212413331,
      "stddev": 9.714626991830691,
      "median": 8.568311556080001,
      "user": 8.113171446666666,
      "system": 1.5057988066666665,
      "min": 7.81165947708,
      "max": 25.00344860408,
      "times": [
        8.568311556080001,
        25.00344860408,
        7.81165947708
      ],
      "exit_codes": [
        0,
        0,
        0
      ]
    }
  ]
}
