{
  "results": [
    {
      "command": "./scripts/target/hacker.sh stdlib p18 -j 1 --log-prog-name p18.std.1",
      "mean": 71.68777825860666,
      "stddev": 0.38309712218522807,
      "median": 71.89891267694,
      "user": 71.42974402,
      "system": 1.1833750466666666,
      "min": 71.24556568994,
      "max": 71.91885640894,
      "times": [
        71.24556568994,
        71.89891267694,
        71.91885640894
      ],
      "exit_codes": [
        0,
        0,
        0
      ]
    }
  ]
}
