{
  "results": [
    {
      "command": "./hacker.sh optimal-fixed-imm p18 -j 72 --log-prog-name p18.optimal.fixed.imm.72",
      "mean": 3.0819961139600003,
      "stddev": 0.02988638719477447,
      "median": 3.0979698289599997,
      "user": 2.4794476866666666,
      "system": 0.4090835666666666,
      "min": 3.0475172489599998,
      "max": 3.10050126396,
      "times": [
        3.0979698289599997,
        3.10050126396,
        3.0475172489599998
      ],
      "exit_codes": [
        0,
        0,
        0
      ]
    }
  ]
}
