{
  "results": [
    {
      "command": "./scripts/target/hacker.sh inferred p18 -j 72 --log-prog-name p18.72",
      "mean": 15.6472553032,
      "stddev": 0.07625568604758075,
      "median": 15.6374598802,
      "user": 99.67932376666666,
      "system": 25.89124366,
      "min": 15.576370649200001,
      "max": 15.7279353802,
      "times": [
        15.6374598802,
        15.576370649200001,
        15.7279353802
      ],
      "exit_codes": [
        0,
        0,
        0
      ]
    }
  ]
}
