{
  "results": [
    {
      "command": "./scripts/target/hacker.sh inferred p18 -j 48 --log-prog-name p18.48",
      "mean": 13.775156468786667,
      "stddev": 0.11784460427023392,
      "median": 13.796803862119999,
      "user": 71.41804896666666,
      "system": 17.112999546666668,
      "min": 13.647988913119999,
      "max": 13.88067663112,
      "times": [
        13.647988913119999,
        13.796803862119999,
        13.88067663112
      ],
      "exit_codes": [
        0,
        0,
        0
      ]
    }
  ]
}
