{
  "results": [
    {
      "command": "./scripts/target/hacker.sh stdlib_fixed_imm p18 -j 1 --log-prog-name p18.std.fixed.imm.1",
      "mean": 129.08984961249334,
      "stddev": 1.2788644117451868,
      "median": 129.08080435416002,
      "user": 130.18687981333335,
      "system": 1.24588524,
      "min": 127.81553182116,
      "max": 130.37321266216,
      "times": [
        130.37321266216,
        127.81553182116,
        129.08080435416002
      ],
      "exit_codes": [
        0,
        0,
        0
      ]
    }
  ]
}
