{
  "results": [
    {
      "command": "./scripts/target/hacker.sh inferred p18 -j 24 --log-prog-name p18.24",
      "mean": 10.5181589859,
      "stddev": 1.4840219640324936,
      "median": 11.3061596379,
      "user": 37.168432939999995,
      "system": 7.113818553333332,
      "min": 8.8063527489,
      "max": 11.441964570900002,
      "times": [
        11.441964570900002,
        11.3061596379,
        8.8063527489
      ],
      "exit_codes": [
        0,
        0,
        0
      ]
    }
  ]
}
