{
  "results": [
    {
      "command": "./scripts/target/hacker.sh optimal p18 -j 1 --log-prog-name p18.optimal.1",
      "mean": 7.872451996213333,
      "stddev": 0.3780337096806432,
      "median": 7.72961576088,
      "user": 5.969056013333334,
      "system": 0.7926893533333333,
      "min": 7.586647713880001,
      "max": 8.301092513879999,
      "times": [
        7.72961576088,
        8.301092513879999,
        7.586647713880001
      ],
      "exit_codes": [
        0,
        0,
        0
      ]
    }
  ]
}
