{
  "results": [
    {
      "command": "./scripts/target/hacker.sh original p19 -j 72 --log-prog-name p19.original.72",
      "mean": 7.095228830420001,
      "stddev": 0.028942755288233167,
      "median": 7.09672326142,
      "user": 4.792299713333333,
      "system": 0.5606350333333333,
      "min": 7.06556781042,
      "max": 7.12339541942,
      "times": [
        7.09672326142,
        7.06556781042,
        7.12339541942
      ],
      "exit_codes": [
        0,
        0,
        0
      ]
    }
  ]
}
