{
  "results": [
    {
      "command": "./scripts/target/hacker.sh inferred p19 -j 1 --log-prog-name p19.1",
      "mean": 19855.047138922488,
      "stddev": 4134.467856424913,
      "median": 17511.061627239822,
      "user": 9680.973901739999,
      "system": 136.79896949333332,
      "min": 17425.21766197982,
      "max": 24628.86212754782,
      "times": [
        24628.86212754782,
        17511.061627239822,
        17425.21766197982
      ],
      "exit_codes": [
        0,
        0,
        0
      ]
    }
  ]
}
