{
  "results": [
    {
      "command": "./scripts/target/hacker.sh inferred p19 -j 16 --log-prog-name p19.16",
      "mean": 2386.459073491887,
      "stddev": 245.7799645377815,
      "median": 2248.24085991222,
      "user": 16660.40463481333,
      "system": 191.78062014666662,
      "min": 2240.90662097422,
      "max": 2670.22973958922,
      "times": [
        2240.90662097422,
        2248.24085991222,
        2670.22973958922
      ],
      "exit_codes": [
        0,
        0,
        0
      ]
    }
  ]
}
