{
  "results": [
    {
      "command": "./scripts/target/hacker.sh inferred p19 -j 48 --log-prog-name p19.48",
      "mean": 988.15388135488,
      "stddev": 34.56429114023568,
      "median": 993.51357234288,
      "user": 20120.668037586667,
      "system": 301.13309784666666,
      "min": 951.2228241098801,
      "max": 1019.72524761188,
      "times": [
        993.51357234288,
        951.2228241098801,
        1019.72524761188
      ],
      "exit_codes": [
        0,
        0,
        0
      ]
    }
  ]
}
