{
  "results": [
    {
      "command": "./scripts/target/hacker.sh inferred p19 -j 2 --log-prog-name p19.2",
      "mean": 12463.309325941986,
      "stddev": 1063.5290093698186,
      "median": 13051.74882703132,
      "user": 10801.884744500001,
      "system": 140.33969902666664,
      "min": 11235.60247375132,
      "max": 13102.57667704332,
      "times": [
        13102.57667704332,
        13051.74882703132,
        11235.60247375132
      ],
      "exit_codes": [
        0,
        0,
        0
      ]
    }
  ]
}
