{
  "results": [
    {
      "command": "./hacker.sh optimal-fixed-imm p19 -j 72 --log-prog-name p19.optimal.fixed.imm.72",
      "mean": 7.1026316606533335,
      "stddev": 0.24036631919328016,
      "median": 6.9723130933199995,
      "user": 6.171635733333333,
      "system": 0.6086504933333333,
      "min": 6.95556754632,
      "max": 7.38001434232,
      "times": [
        6.9723130933199995,
        6.95556754632,
        7.38001434232
      ],
      "exit_codes": [
        0,
        0,
        0
      ]
    }
  ]
}
