{
  "results": [
    {
      "command": "./scripts/target/hacker.sh stdlib_fixed_imm p19 -j 1 --log-prog-name p19.std.fixed.imm.1",
      "mean": 3604.3221849143597,
      "stddev": 0.09515456858078118,
      "median": 3604.3038772093596,
      "user": 50.10849216666666,
      "system": 5.5624150666666665,
      "min": 3604.23751439436,
      "max": 3604.42516313936,
      "times": [
        3604.3038772093596,
        3604.42516313936,
        3604.23751439436
      ],
      "exit_codes": [
        0,
        0,
        0
      ]
    }
  ]
}
