{
  "results": [
    {
      "command": "./scripts/target/hacker.sh inferred p19 -j 8 --log-prog-name p19.8",
      "mean": 3751.25128110154,
      "stddev": 322.88949698280874,
      "median": 3809.37646389354,
      "user": 13357.76232502,
      "system": 135.80401749333333,
      "min": 3403.2471204395397,
      "max": 4041.1302589715397,
      "times": [
        3809.37646389354,
        4041.1302589715397,
        3403.2471204395397
      ],
      "exit_codes": [
        0,
        0,
        0
      ]
    }
  ]
}
