{
  "results": [
    {
      "command": "./scripts/target/hacker.sh optimal p19 -j 1 --log-prog-name p19.optimal.1",
      "mean": 18.762250388013335,
      "stddev": 9.764032605749334,
      "median": 13.509355899680001,
      "user": 13.334033980000001,
      "system": 2.1551696266666664,
      "min": 12.749157288680001,
      "max": 30.02823797568,
      "times": [
        30.02823797568,
        12.749157288680001,
        13.509355899680001
      ],
      "exit_codes": [
        0,
        0,
        0
      ]
    }
  ]
}
