{
  "results": [
    {
      "command": "./scripts/target/hacker.sh inferred p19 -j 72 --log-prog-name p19.72",
      "mean": 803.5637009831066,
      "stddev": 96.7845558492075,
      "median": 849.61892056544,
      "user": 24580.781470193335,
      "system": 410.7951129199999,
      "min": 692.35197803744,
      "max": 868.7202043464399,
      "times": [
        849.61892056544,
        868.7202043464399,
        692.35197803744
      ],
      "exit_codes": [
        0,
        0,
        0
      ]
    }
  ]
}
