{
  "results": [
    {
      "command": "./scripts/target/hacker.sh inferred p19 -j 4 --log-prog-name p19.4",
      "mean": 7304.154384149074,
      "stddev": 1038.3822636721152,
      "median": 7556.122762303739,
      "user": 12846.607248100001,
      "system": 156.26930100666664,
      "min": 6162.97480608674,
      "max": 8193.36558405674,
      "times": [
        7556.122762303739,
        8193.36558405674,
        6162.97480608674
      ],
      "exit_codes": [
        0,
        0,
        0
      ]
    }
  ]
}
