{
  "results": [
    {
      "command": "./scripts/target/hacker.sh inferred p19 -j 24 --log-prog-name p19.24",
      "mean": 1381.1636278880133,
      "stddev": 79.45869316750623,
      "median": 1340.10886897268,
      "user": 13834.720248826665,
      "system": 175.14767256000002,
      "min": 1330.63072309568,
      "max": 1472.75129159568,
      "times": [
        1472.75129159568,
        1330.63072309568,
        1340.10886897268
      ],
      "exit_codes": [
        0,
        0,
        0
      ]
    }
  ]
}
