{
  "results": [
    {
      "command": "./scripts/target/hacker.sh stdlib p19 -j 1 --log-prog-name p19.std.1",
      "mean": 3604.32237690228,
      "stddev": 0.18293790913298102,
      "median": 3604.36867212728,
      "user": 59.05713979333333,
      "system": 5.661819486666666,
      "min": 3604.12073883428,
      "max": 3604.47771974528,
      "times": [
        3604.36867212728,
        3604.12073883428,
        3604.47771974528
      ],
      "exit_codes": [
        0,
        0,
        0
      ]
    }
  ]
}
