{
  "results": [
    {
      "command": "./scripts/target/hacker.sh optimal p19 -j 72 --log-prog-name p19.optimal.72",
      "mean": 6.687546206513333,
      "stddev": 0.02942988702381242,
      "median": 6.69888098918,
      "user": 4.459885953333333,
      "system": 0.75690388,
      "min": 6.654134261179999,
      "max": 6.70962336918,
      "times": [
        6.69888098918,
        6.70962336918,
        6.654134261179999
      ],
      "exit_codes": [
        0,
        0,
        0
      ]
    }
  ]
}
