{
  "results": [
    {
      "command": "./scripts/target/hacker.sh stdlib p20 -j 1 --log-prog-name p20.std.1",
      "mean": 3603.8421179466272,
      "stddev": 0.016783192539669065,
      "median": 3603.8416545099603,
      "user": 36.88148480666666,
      "system": 6.121458986666667,
      "min": 3603.82557127196,
      "max": 3603.8591280579603,
      "times": [
        3603.8591280579603,
        3603.8416545099603,
        3603.82557127196
      ],
      "exit_codes": [
        0,
        0,
        0
      ]
    }
  ]
}
