{
  "results": [
    {
      "command": "./scripts/target/hacker.sh inferred p20 -j 16 --log-prog-name p20.16",
      "mean": 7721.413007802046,
      "stddev": 535.6994140296698,
      "median": 7929.49748909938,
      "user": 53061.91871214667,
      "system": 353.47531438000004,
      "min": 7112.891333802379,
      "max": 8121.85020050438,
      "times": [
        8121.85020050438,
        7112.891333802379,
        7929.49748909938
      ],
      "exit_codes": [
        0,
        0,
        0
      ]
    }
  ]
}
