{
  "results": [
    {
      "command": "./scripts/target/hacker.sh optimal p20 -j 1 --log-prog-name p20.optimal.1",
      "mean": 39.19135490557333,
      "stddev": 10.083695527726178,
      "median": 33.601166384239995,
      "user": 35.73746004,
      "system": 2.4454166733333333,
      "min": 33.14092715124,
      "max": 50.83197118124,
      "times": [
        33.14092715124,
        50.83197118124,
        33.601166384239995
      ],
      "exit_codes": [
        0,
        0,
        0
      ]
    }
  ]
}
