{
  "results": [
    {
      "command": "./scripts/target/hacker.sh original p20 -j 72 --log-prog-name p20.original.72",
      "mean": 14.618337130993332,
      "stddev": 0.0872067208903147,
      "median": 14.66699534566,
      "user": 13.273601906666665,
      "system": 0.5495889066666667,
      "min": 14.51765819866,
      "max": 14.67035784866,
      "times": [
        14.51765819866,
        14.67035784866,
        14.66699534566
      ],
      "exit_codes": [
        0,
        0,
        0
      ]
    }
  ]
}
