{
  "results": [
    {
      "command": "./scripts/target/hacker.sh inferred p20 -j 24 --log-prog-name p20.24",
      "mean": 4389.926190514808,
      "stddev": 203.13026019533928,
      "median": 4381.596045818141,
      "user": 44544.706159119996,
      "system": 267.4905877466667,
      "min": 4191.08914680514,
      "max": 4597.09337892114,
      "times": [
        4597.09337892114,
        4381.596045818141,
        4191.08914680514
      ],
      "exit_codes": [
        0,
        0,
        0
      ]
    }
  ]
}
