{
  "results": [
    {
      "command": "./scripts/target/hacker.sh stdlib_fixed_imm p20 -j 1 --log-prog-name p20.std.fixed.imm.1",
      "mean": 3603.5066209075667,
      "stddev": 0.05746022765662373,
      "median": 3603.5091007859,
      "user": 37.17113606666667,
      "system": 5.979001126666667,
      "min": 3603.4479608899,
      "max": 3603.5628010469,
      "times": [
        3603.4479608899,
        3603.5091007859,
        3603.5628010469
      ],
      "exit_codes": [
        0,
        0,
        0
      ]
    }
  ]
}
