{
  "results": [
    {
      "command": "./scripts/target/hacker.sh optimal p20 -j 72 --log-prog-name p20.optimal.72",
      "mean": 16.173934809773332,
      "stddev": 0.12954563005766767,
      "median": 16.13207402844,
      "user": 14.378979659999999,
      "system": 0.7970142466666665,
      "min": 16.070495483440002,
      "max": 16.319234917440003,
      "times": [
        16.070495483440002,
        16.13207402844,
        16.319234917440003
      ],
      "exit_codes": [
        0,
        0,
        0
      ]
    }
  ]
}
