{
  "results": [
    {
      "command": "./hacker.sh original-fixed-imm p20 -j 72 --log-prog-name p20.original.fixed.imm.72",
      "mean": 74.10543086697334,
      "stddev": 0.8614029163458482,
      "median": 74.59231328764001,
      "user": 74.48682218666666,
      "system": 0.8325996133333332,
      "min": 73.11084112564001,
      "max": 74.61313818764,
      "times": [
        74.59231328764001,
        73.11084112564001,
        74.61313818764
      ],
      "exit_codes": [
        0,
        0,
        0
      ]
    }
  ]
}
