{
  "results": [
    {
      "command": "./scripts/target/hacker.sh inferred p20 -j 8 --log-prog-name p20.8",
      "mean": 11071.211282828059,
      "stddev": 1129.2867790048886,
      "median": 10545.404062850059,
      "user": 38400.093532219995,
      "system": 230.1318220933333,
      "min": 10300.70611367906,
      "max": 12367.52367195506,
      "times": [
        12367.52367195506,
        10545.404062850059,
        10300.70611367906
      ],
      "exit_codes": [
        0,
        0,
        0
      ]
    }
  ]
}
