{
  "results": [
    {
      "command": "./scripts/target/hacker.sh inferred p20 -j 4 --log-prog-name p20.4",
      "mean": 18721.8706789924,
      "stddev": 4388.710197794235,
      "median": 16352.5481047294,
      "user": 33490.57170617333,
      "system": 330.65445204,
      "min": 16027.0332736974,
      "max": 23786.0306585504,
      "times": [
        23786.0306585504,
        16027.0332736974,
        16352.5481047294
      ],
      "exit_codes": [
        0,
        0,
        0
      ]
    }
  ]
}
