{
  "results": [
    {
      "command": "./scripts/target/hacker.sh original p20 -j 1 --log-prog-name p20.original.1",
      "mean": 22.202047306353336,
      "stddev": 0.4522328447054281,
      "median": 22.10647767902,
      "user": 21.8514587,
      "system": 0.9817161200000001,
      "min": 21.805237495020002,
      "max": 22.69442674502,
      "times": [
        22.69442674502,
        22.10647767902,
        21.805237495020002
      ],
      "exit_codes": [
        0,
        0,
        0
      ]
    }
  ]
}
