{
  "results": [
    {
      "command": "./hacker.sh optimal-fixed-imm p20 -j 72 --log-prog-name p20.optimal.fixed.imm.72",
      "mean": 18.420389976166664,
      "stddev": 0.13729411117142207,
      "median": 18.3462290135,
      "user": 18.15391644,
      "system": 0.7039130199999999,
      "min": 18.3361247255,
      "max": 18.5788161895,
      "times": [
        18.3462290135,
        18.3361247255,
        18.5788161895
      ],
      "exit_codes": [
        0,
        0,
        0
      ]
    }
  ]
}
