{
  "results": [
    {
      "command": "./scripts/target/hacker.sh inferred p20 -j 48 --log-prog-name p20.48",
      "mean": 3026.645097549593,
      "stddev": 107.6554930480218,
      "median": 3066.65676336626,
      "user": 61404.0025723,
      "system": 453.92810834666665,
      "min": 2904.71279539826,
      "max": 3108.5657338842598,
      "times": [
        3066.65676336626,
        3108.5657338842598,
        2904.71279539826
      ],
      "exit_codes": [
        0,
        0,
        0
      ]
    }
  ]
}
