{
  "results": [
    {
      "command": "./scripts/target/hacker.sh inferred p20 -j 2 --log-prog-name p20.2",
      "mean": 35087.888289169445,
      "stddev": 916.2116580151134,
      "median": 34583.33722242678,
      "user": 32893.78208065333,
      "system": 311.16199166666667,
      "min": 34534.85955205078,
      "max": 36145.46809303078,
      "times": [
        34534.85955205078,
        36145.46809303078,
        34583.33722242678
      ],
      "exit_codes": [
        0,
        0,
        0
      ]
    }
  ]
}
