{
  "results": [
    {
      "command": "./scripts/target/hacker.sh inferred p20 -j 72 --log-prog-name p20.72",
      "mean": 2438.370058597447,
      "stddev": 144.69379764409257,
      "median": 2438.03618317478,
      "user": 73390.94004374,
      "system": 621.6050528,
      "min": 2293.84348756678,
      "max": 2583.23050505078,
      "times": [
        2293.84348756678,
        2438.03618317478,
        2583.23050505078
      ],
      "exit_codes": [
        0,
        0,
        0
      ]
    }
  ]
}
