{
  "results": [
    {
      "command": "./scripts/target/hacker.sh stdlib p21 -j 1 --log-prog-name p21.std.1",
      "mean": 3616.4201535982797,
      "stddev": 0.11608069043994892,
      "median": 3616.4428625402797,
      "user": 119.00931648666666,
      "system": 7.6866166133333325,
      "min": 3616.29439652828,
      "max": 3616.5232017262797,
      "times": [
        3616.29439652828,
        3616.5232017262797,
        3616.4428625402797
      ],
      "exit_codes": [
        0,
        0,
        0
      ]
    }
  ]
}
