{
  "results": [
    {
      "command": "./scripts/target/hacker.sh original p21 -j 1 --log-prog-name p21.original.1",
      "mean": 3608.57684096304,
      "stddev": 6.537522018771123,
      "median": 3605.37035315904,
      "user": 79.81309742666666,
      "system": 7.280458646666666,
      "min": 3604.2616373390397,
      "max": 3616.09853239104,
      "times": [
        3605.37035315904,
        3616.09853239104,
        3604.2616373390397
      ],
      "exit_codes": [
        0,
        0,
        0
      ]
    }
  ]
}
