{
  "results": [
    {
      "command": "./scripts/target/hacker.sh stdlib_fixed_imm p21 -j 1 --log-prog-name p21.std.fixed.imm.1",
      "mean": 3615.6617899162466,
      "stddev": 0.36799841279841666,
      "median": 3615.57611157958,
      "user": 159.2761031133333,
      "system": 9.062570546666665,
      "min": 3615.34418873058,
      "max": 3616.06506943858,
      "times": [
        3616.06506943858,
        3615.57611157958,
        3615.34418873058
      ],
      "exit_codes": [
        0,
        0,
        0
      ]
    }
  ]
}
