{
  "results": [
    {
      "command": "./scripts/target/hacker.sh inferred p21 -j 4 --log-prog-name p21.4",
      "mean": 3507.4914173897328,
      "stddev": 1648.2243450948677,
      "median": 2981.6349586953997,
      "user": 1618.6434640866664,
      "system": 52.90199085333333,
      "min": 2186.3584956444,
      "max": 5354.4807978294,
      "times": [
        2981.6349586953997,
        5354.4807978294,
        2186.3584956444
      ],
      "exit_codes": [
        0,
        0,
        0
      ]
    }
  ]
}
