{
  "results": [
    {
      "command": "./scripts/target/hacker.sh inferred p21 -j 48 --log-prog-name p21.48",
      "mean": 272.81778325483333,
      "stddev": 277.15305358713437,
      "median": 123.8237222475,
      "user": 2793.8087802133327,
      "system": 84.66836649999999,
      "min": 102.03050433150001,
      "max": 592.5991231854999,
      "times": [
        102.03050433150001,
        123.8237222475,
        592.5991231854999
      ],
      "exit_codes": [
        0,
        0,
        0
      ]
    }
  ]
}
