{
  "results": [
    {
      "command": "./scripts/target/hacker.sh inferred p21 -j 24 --log-prog-name p21.24",
      "mean": 593.5477712949732,
      "stddev": 5.4062000339541365,
      "median": 592.99736475364,
      "user": 3051.5632018933334,
      "system": 63.337163466666674,
      "min": 588.43782941564,
      "max": 599.20811971564,
      "times": [
        599.20811971564,
        588.43782941564,
        592.99736475364
      ],
      "exit_codes": [
        0,
        0,
        0
      ]
    }
  ]
}
