{
  "results": [
    {
      "command": "./scripts/target/hacker.sh inferred p21 -j 2 --log-prog-name p21.2",
      "mean": 6043.5528253503335,
      "stddev": 1850.489736435643,
      "median": 6128.643341285,
      "user": 1635.35722652,
      "system": 47.55932382666666,
      "min": 4151.985672508,
      "max": 7850.0294622579995,
      "times": [
        7850.0294622579995,
        4151.985672508,
        6128.643341285
      ],
      "exit_codes": [
        0,
        0,
        0
      ]
    }
  ]
}
