{
  "results": [
    {
      "command": "./scripts/target/hacker.sh optimal p21 -j 72 --log-prog-name p21.optimal.72",
      "mean": 113.20354203094666,
      "stddev": 0.49418323876496606,
      "median": 113.30941165328,
      "user": 113.82661648666665,
      "system": 0.9809074133333334,
      "min": 112.66500368727999,
      "max": 113.63621075228,
      "times": [
        113.30941165328,
        113.63621075228,
        112.66500368727999
      ],
      "exit_codes": [
        0,
        0,
        0
      ]
    }
  ]
}
