{
  "results": [
    {
      "command": "./scripts/target/hacker.sh inferred p21 -j 16 --log-prog-name p21.16",
      "mean": 1327.2606482060867,
      "stddev": 177.55280229187503,
      "median": 1341.89393259842,
      "user": 4050.38983958,
      "system": 101.18738669999999,
      "min": 1142.84404033342,
      "max": 1497.04397168642,
      "times": [
        1142.84404033342,
        1341.89393259842,
        1497.04397168642
      ],
      "exit_codes": [
        0,
        0,
        0
      ]
    }
  ]
}
