{
  "results": [
    {
      "command": "./hacker.sh original-fixed-imm p21 -j 72 --log-prog-name p21.original.fixed.imm.72",
      "mean": 3623.1202844640334,
      "stddev": 0.05869056279327076,
      "median": 3623.0944732347,
      "user": 46.550211759999996,
      "system": 5.212835986666666,
      "min": 3623.0789229847,
      "max": 3623.1874571727003,
      "times": [
        3623.1874571727003,
        3623.0944732347,
        3623.0789229847
      ],
      "exit_codes": [
        0,
        0,
        0
      ]
    }
  ]
}
