{
  "results": [
    {
      "command": "./scripts/target/hacker.sh original p21 -j 72 --log-prog-name p21.original.72",
      "mean": 3603.1616037089534,
      "stddev": 0.03813790246640781,
      "median": 3603.16246830662,
      "user": 44.69130417333333,
      "system": 3.621255486666666,
      "min": 3603.1230408586202,
      "max": 3603.19930196162,
      "times": [
        3603.1230408586202,
        3603.19930196162,
        3603.16246830662
      ],
      "exit_codes": [
        0,
        0,
        0
      ]
    }
  ]
}
