{
  "results": [
    {
      "command": "./scripts/target/hacker.sh inferred p21 -j 72 --log-prog-name p21.72",
      "mean": 193.45259945841335,
      "stddev": 74.87703249827777,
      "median": 166.98414145308,
      "user": 3384.0450315066664,
      "system": 114.79736914,
      "min": 135.40474414908,
      "max": 277.96891277308,
      "times": [
        135.40474414908,
        166.98414145308,
        277.96891277308
      ],
      "exit_codes": [
        0,
        0,
        0
      ]
    }
  ]
}
