{
  "results": [
    {
      "command": "./scripts/target/hacker.sh optimal p21 -j 1 --log-prog-name p21.optimal.1",
      "mean": 227.13410280168668,
      "stddev": 5.189624774014947,
      "median": 229.25068089702,
      "user": 230.1742104533333,
      "system": 1.7445899466666666,
      "min": 221.22068469602,
      "max": 230.93094281202,
      "times": [
        230.93094281202,
        221.22068469602,
        229.25068089702
      ],
      "exit_codes": [
        0,
        0,
        0
      ]
    }
  ]
}
