{
  "results": [
    {
      "command": "./scripts/target/hacker.sh inferred p21 -j 1 --log-prog-name p21.1",
      "mean": 13368.667213613488,
      "stddev": 2909.754607018053,
      "median": 12511.28342744382,
      "user": 1624.4824245133334,
      "system": 68.61734141333334,
      "min": 10983.93740786382,
      "max": 16610.78080553282,
      "times": [
        10983.93740786382,
        12511.28342744382,
        16610.78080553282
      ],
      "exit_codes": [
        0,
        0,
        0
      ]
    }
  ]
}
