{
  "results": [
    {
      "command": "./hacker.sh optimal-fixed-imm p21 -j 72 --log-prog-name p21.optimal.fixed.imm.72",
      "mean": 72.76422847343333,
      "stddev": 1.0538125635575055,
      "median": 72.6178370101,
      "user": 73.39943001333333,
      "system": 0.9089279533333333,
      "min": 71.7912654821,
      "max": 73.8835829281,
      "times": [
        71.7912654821,
        72.6178370101,
        73.8835829281
      ],
      "exit_codes": [
        0,
        0,
        0
      ]
    }
  ]
}
