{
  "results": [
    {
      "command": "./scripts/target/hacker.sh inferred p21 -j 8 --log-prog-name p21.8",
      "mean": 2135.204096377753,
      "stddev": 495.45208432912614,
      "median": 2284.44450128742,
      "user": 2310.432889133333,
      "system": 52.71522119333333,
      "min": 1582.28665995342,
      "max": 2538.88112789242,
      "times": [
        2284.44450128742,
        2538.88112789242,
        1582.28665995342
      ],
      "exit_codes": [
        0,
        0,
        0
      ]
    }
  ]
}
