{
  "results": [
    {
      "command": "./scripts/target/hacker.sh original p22 -j 1 --log-prog-name p22.original.1",
      "mean": 3630.8439076395603,
      "stddev": 5.88736570326055,
      "median": 3633.1293409035598,
      "user": 324.63150878666664,
      "system": 7.580743773333334,
      "min": 3624.15649344856,
      "max": 3635.24588856656,
      "times": [
        3635.24588856656,
        3624.15649344856,
        3633.1293409035598
      ],
      "exit_codes": [
        0,
        0,
        0
      ]
    }
  ]
}
