{
  "results": [
    {
      "command": "./scripts/target/hacker.sh optimal p22 -j 72 --log-prog-name p22.optimal.72",
      "mean": 4.444272357253333,
      "stddev": 0.16319833564610964,
      "median": 4.36653275892,
      "user": 2.6255399066666665,
      "system": 0.5446847199999999,
      "min": 4.33447772592,
      "max": 4.63180658692,
      "times": [
        4.63180658692,
        4.33447772592,
        4.36653275892
      ],
      "exit_codes": [
        0,
        0,
        0
      ]
    }
  ]
}
