{
  "results": [
    {
      "command": "./scripts/target/hacker.sh stdlib p22 -j 1 --log-prog-name p22.std.1",
      "mean": 54.08977943412666,
      "stddev": 0.12459308387993764,
      "median": 54.152660442460004,
      "user": 52.70974799333333,
      "system": 1.1238062399999997,
      "min": 53.94627680146,
      "max": 54.17040105846,
      "times": [
        54.17040105846,
        54.152660442460004,
        53.94627680146
      ],
      "exit_codes": [
        0,
        0,
        0
      ]
    }
  ]
}
