{
  "results": [
    {
      "command": "./scripts/target/hacker.sh stdlib_fixed_imm p22 -j 1 --log-prog-name p22.std.fixed.imm.1",
      "mean": 3623.3173227370467,
      "stddev": 0.06988156650020808,
      "median": 3623.34122683238,
      "user": 45.442108166666664,
      "system": 5.32308412,
      "min": 3623.2386258093798,
      "max": 3623.37211556938,
      "times": [
        3623.2386258093798,
        3623.34122683238,
        3623.37211556938
      ],
      "exit_codes": [
        0,
        0,
        0
      ]
    }
  ]
}
