{
  "results": [
    {
      "command": "./scripts/target/hacker.sh inferred p22 -j 4 --log-prog-name p22.4",
      "mean": 7.569372849433333,
      "stddev": 0.46945707809997655,
      "median": 7.6331665631000005,
      "user": 11.401595846666666,
      "system": 1.7253850666666668,
      "min": 7.0712810551,
      "max": 8.0036709301,
      "times": [
        8.0036709301,
        7.6331665631000005,
        7.0712810551
      ],
      "exit_codes": [
        0,
        0,
        0
      ]
    }
  ]
}
