{
  "results": [
    {
      "command": "./hacker.sh optimal-fixed-imm p22 -j 72 --log-prog-name p22.optimal.fixed.imm.72",
      "mean": 3.0503716848,
      "stddev": 0.25585253789455564,
      "median": 2.9178109308,
      "user": 2.3523715333333333,
      "system": 0.42486067333333327,
      "min": 2.8880011138,
      "max": 3.3453030098,
      "times": [
        3.3453030098,
        2.9178109308,
        2.8880011138
      ],
      "exit_codes": [
        0,
        0,
        0
      ]
    }
  ]
}
