{
  "results": [
    {
      "command": "./hacker.sh original-fixed-imm p22 -j 72 --log-prog-name p22.original.fixed.imm.72",
      "mean": 430.44704177273996,
      "stddev": 1.3702178915835876,
      "median": 431.17786943074,
      "user": 429.72242778000003,
      "system": 2.6020234933333333,
      "min": 428.86634391474,
      "max": 431.29691197274,
      "times": [
        431.17786943074,
        431.29691197274,
        428.86634391474
      ],
      "exit_codes": [
        0,
        0,
        0
      ]
    }
  ]
}
