{
  "results": [
    {
      "command": "./scripts/target/hacker.sh optimal p22 -j 1 --log-prog-name p22.optimal.1",
      "mean": 12.230514885626667,
      "stddev": 7.434196771737709,
      "median": 7.98413385896,
      "user": 9.449568786666665,
      "system": 1.76873534,
      "min": 7.89278690596,
      "max": 20.81462389196,
      "times": [
        20.81462389196,
        7.89278690596,
        7.98413385896
      ],
      "exit_codes": [
        0,
        0,
        0
      ]
    }
  ]
}
