{
  "results": [
    {
      "command": "./scripts/target/hacker.sh inferred p22 -j 16 --log-prog-name p22.16",
      "mean": 10.726245174466667,
      "stddev": 0.457446709338416,
      "median": 10.6384172968,
      "user": 32.31837723333334,
      "system": 4.987882026666667,
      "min": 10.3190801958,
      "max": 11.2212380308,
      "times": [
        10.6384172968,
        11.2212380308,
        10.3190801958
      ],
      "exit_codes": [
        0,
        0,
        0
      ]
    }
  ]
}
