{
  "results": [
    {
      "command": "./scripts/target/hacker.sh original p22 -j 72 --log-prog-name p22.original.72",
      "mean": 3623.18316266584,
      "stddev": 0.20748503900759557,
      "median": 3623.12922782184,
      "user": 54.22916158666667,
      "system": 3.4946043466666663,
      "min": 3623.00797095284,
      "max": 3623.41228922284,
      "times": [
        3623.12922782184,
        3623.00797095284,
        3623.41228922284
      ],
      "exit_codes": [
        0,
        0,
        0
      ]
    }
  ]
}
