{
  "results": [
    {
      "command": "./scripts/target/hacker.sh inferred p22 -j 72 --log-prog-name p22.72",
      "mean": 11.641832422413335,
      "stddev": 0.2701310879583644,
      "median": 11.49486095308,
      "user": 70.16170394666666,
      "system": 18.469845539999998,
      "min": 11.47705287408,
      "max": 11.953583440080001,
      "times": [
        11.47705287408,
        11.49486095308,
        11.953583440080001
      ],
      "exit_codes": [
        0,
        0,
        0
      ]
    }
  ]
}
