{
  "results": [
    {
      "command": "./scripts/target/hacker.sh inferred p22 -j 48 --log-prog-name p22.48",
      "mean": 9.344583698073334,
      "stddev": 0.25162189952996084,
      "median": 9.26702195374,
      "user": 48.594361446666674,
      "system": 11.579404446666665,
      "min": 9.140873926740001,
      "max": 9.62585521374,
      "times": [
        9.62585521374,
        9.140873926740001,
        9.26702195374
      ],
      "exit_codes": [
        0,
        0,
        0
      ]
    }
  ]
}
