{
  "results": [
    {
      "command": "./scripts/target/hacker.sh inferred p22 -j 8 --log-prog-name p22.8",
      "mean": 7.434578925559999,
      "stddev": 0.18057257160949508,
      "median": 7.46712911156,
      "user": 12.110748126666666,
      "system": 1.9338307533333332,
      "min": 7.23994515556,
      "max": 7.59666250956,
      "times": [
        7.46712911156,
        7.23994515556,
        7.59666250956
      ],
      "exit_codes": [
        0,
        0,
        0
      ]
    }
  ]
}
