{
  "results": [
    {
      "command": "./scripts/target/hacker.sh inferred p22 -j 24 --log-prog-name p22.24",
      "mean": 7.852799319639999,
      "stddev": 0.5805435920212624,
      "median": 8.160322386639999,
      "user": 23.98238620666667,
      "system": 4.642837833333333,
      "min": 7.18318602964,
      "max": 8.21488954264,
      "times": [
        8.160322386639999,
        8.21488954264,
        7.18318602964
      ],
      "exit_codes": [
        0,
        0,
        0
      ]
    }
  ]
}
