{
  "results": [
    {
      "command": "./scripts/target/hacker.sh inferred p22 -j 2 --log-prog-name p22.2",
      "mean": 8.43824163018,
      "stddev": 1.0460912044190234,
      "median": 8.859068004180001,
      "user": 7.351657299999999,
      "system": 0.9515550933333333,
      "min": 7.24727468118,
      "max": 9.20838220518,
      "times": [
        9.20838220518,
        8.859068004180001,
        7.24727468118
      ],
      "exit_codes": [
        0,
        0,
        0
      ]
    }
  ]
}
