{
  "results": [
    {
      "command": "./scripts/target/hacker.sh inferred p22 -j 1 --log-prog-name p22.1",
      "mean": 8.6891808142,
      "stddev": 0.13572212526578256,
      "median": 8.6266483932,
      "user": 5.981095859999999,
      "system": 0.6439898266666666,
      "min": 8.5959971652,
      "max": 8.8448968842,
      "times": [
        8.8448968842,
        8.6266483932,
        8.5959971652
      ],
      "exit_codes": [
        0,
        0,
        0
      ]
    }
  ]
}
