{
  "results": [
    {
      "command": "./scripts/target/hacker.sh stdlib_fixed_imm p23 -j 1 --log-prog-name p23.std.fixed.imm.1",
      "mean": 3623.27405058056,
      "stddev": 0.12413376619411522,
      "median": 3623.31325814856,
      "user": 37.697476126666665,
      "system": 4.824003739999999,
      "min": 3623.13504718656,
      "max": 3623.37384640656,
      "times": [
        3623.13504718656,
        3623.37384640656,
        3623.31325814856
      ],
      "exit_codes": [
        0,
        0,
        0
      ]
    }
  ]
}
