{
  "results": [
    {
      "command": "./scripts/target/hacker.sh inferred p23 -j 2 --log-prog-name p23.2",
      "mean": 4.461168747606666,
      "stddev": 0.04724990766014754,
      "median": 4.43521945294,
      "user": 3.5418925199999998,
      "system": 0.5301454333333333,
      "min": 4.43257983694,
      "max": 4.51570695294,
      "times": [
        4.43257983694,
        4.51570695294,
        4.43521945294
      ],
      "exit_codes": [
        0,
        0,
        0
      ]
    }
  ]
}
