{
  "results": [
    {
      "command": "./hacker.sh original-fixed-imm p23 -j 72 --log-prog-name p23.original.fixed.imm.72",
      "mean": 3603.230947393733,
      "stddev": 0.014066906671558724,
      "median": 3603.2281843654,
      "user": 31.77091812666667,
      "system": 4.0842573,
      "min": 3603.2184670133997,
      "max": 3603.2461908023997,
      "times": [
        3603.2281843654,
        3603.2184670133997,
        3603.2461908023997
      ],
      "exit_codes": [
        0,
        0,
        0
      ]
    }
  ]
}
