{
  "results": [
    {
      "command": "./scripts/target/hacker.sh optimal p23 -j 1 --log-prog-name p23.optimal.1",
      "mean": 7.317870021266667,
      "stddev": 0.9040780778934606,
      "median": 6.9801047516,
      "user": 5.878599666666666,
      "system": 0.71574774,
      "min": 6.631303570599999,
      "max": 8.3422017416,
      "times": [
        8.3422017416,
        6.9801047516,
        6.631303570599999
      ],
      "exit_codes": [
        0,
        0,
        0
      ]
    }
  ]
}
