{
  "results": [
    {
      "command": "./hacker.sh optimal-fixed-imm p23 -j 72 --log-prog-name p23.optimal.fixed.imm.72",
      "mean": 3.199978358873333,
      "stddev": 0.04954262420752919,
      "median": 3.2141837675400002,
      "user": 2.555703733333333,
      "system": 0.39785121333333334,
      "min": 3.14488475554,
      "max": 3.24086655354,
      "times": [
        3.24086655354,
        3.14488475554,
        3.2141837675400002
      ],
      "exit_codes": [
        0,
        0,
        0
      ]
    }
  ]
}
