{
  "results": [
    {
      "command": "./scripts/target/hacker.sh inferred p23 -j 8 --log-prog-name p23.8",
      "mean": 4.556930637986667,
      "stddev": 0.0101460506432642,
      "median": 4.55430612732,
      "user": 4.686398473333333,
      "system": 0.8590748666666665,
      "min": 4.54835470332,
      "max": 4.56813108332,
      "times": [
        4.55430612732,
        4.54835470332,
        4.56813108332
      ],
      "exit_codes": [
        0,
        0,
        0
      ]
    }
  ]
}
