{
  "results": [
    {
      "command": "./scripts/target/hacker.sh original p23 -j 72 --log-prog-name p23.original.72",
      "mean": 3604.0909016523133,
      "stddev": 0.3766311804164962,
      "median": 3604.29821045598,
      "user": 38.273078760000004,
      "system": 4.962734366666667,
      "min": 3603.65616064398,
      "max": 3604.3183338569797,
      "times": [
        3603.65616064398,
        3604.3183338569797,
        3604.29821045598
      ],
      "exit_codes": [
        0,
        0,
        0
      ]
    }
  ]
}
