{
  "results": [
    {
      "command": "./scripts/target/hacker.sh optimal p23 -j 72 --log-prog-name p23.optimal.72",
      "mean": 3.803141017193333,
      "stddev": 0.017764087041353186,
      "median": 3.8044423208600002,
      "user": 2.6179553933333333,
      "system": 0.4433295733333333,
      "min": 3.78476206186,
      "max": 3.82021866886,
      "times": [
        3.8044423208600002,
        3.78476206186,
        3.82021866886
      ],
      "exit_codes": [
        0,
        0,
        0
      ]
    }
  ]
}
