{
  "results": [
    {
      "command": "./scripts/target/hacker.sh inferred p23 -j 72 --log-prog-name p23.72",
      "mean": 5.352499502486666,
      "stddev": 0.1321829740550709,
      "median": 5.38623898082,
      "user": 8.144130599999999,
      "system": 2.837431986666667,
      "min": 5.20671671382,
      "max": 5.4645428128199995,
      "times": [
        5.4645428128199995,
        5.38623898082,
        5.20671671382
      ],
      "exit_codes": [
        0,
        0,
        0
      ]
    }
  ]
}
