{
  "results": [
    {
      "command": "./scripts/target/hacker.sh stdlib p23 -j 1 --log-prog-name p23.std.1",
      "mean": 17.10988656359333,
      "stddev": 0.1736826089203312,
      "median": 17.16816155826,
      "user": 16.996381993333333,
      "system": 0.6597066733333333,
      "min": 16.91456041626,
      "max": 17.24693771626,
      "times": [
        16.91456041626,
        17.16816155826,
        17.24693771626
      ],
      "exit_codes": [
        0,
        0,
        0
      ]
    }
  ]
}
