{
  "results": [
    {
      "command": "./scripts/target/hacker.sh inferred p23 -j 48 --log-prog-name p23.48",
      "mean": 5.134565582153333,
      "stddev": 0.04403011482904695,
      "median": 5.12376511782,
      "user": 7.836923486666666,
      "system": 2.6951956266666666,
      "min": 5.09694066482,
      "max": 5.18299096382,
      "times": [
        5.12376511782,
        5.18299096382,
        5.09694066482
      ],
      "exit_codes": [
        0,
        0,
        0
      ]
    }
  ]
}
