{
  "results": [
    {
      "command": "./scripts/target/hacker.sh inferred p23 -j 1 --log-prog-name p23.1",
      "mean": 4.316244181906666,
      "stddev": 0.010664957800479448,
      "median": 4.31874441824,
      "user": 3.1321094466666666,
      "system": 0.44429952666666667,
      "min": 4.30455122224,
      "max": 4.325436905239999,
      "times": [
        4.325436905239999,
        4.31874441824,
        4.30455122224
      ],
      "exit_codes": [
        0,
        0,
        0
      ]
    }
  ]
}
