{
  "results": [
    {
      "command": "./scripts/target/hacker.sh inferred p23 -j 4 --log-prog-name p23.4",
      "mean": 4.0497914272,
      "stddev": 0.024364140905444656,
      "median": 4.0404359612,
      "user": 3.726599473333333,
      "system": 0.7098838866666665,
      "min": 4.031491610200001,
      "max": 4.0774467102,
      "times": [
        4.031491610200001,
        4.0404359612,
        4.0774467102
      ],
      "exit_codes": [
        0,
        0,
        0
      ]
    }
  ]
}
