{
  "results": [
    {
      "command": "./scripts/target/hacker.sh inferred p23 -j 16 --log-prog-name p23.16",
      "mean": 6.770932590786667,
      "stddev": 0.19261314939433302,
      "median": 6.712165837120001,
      "user": 8.541390073333332,
      "system": 1.6874325866666666,
      "min": 6.61454816412,
      "max": 6.986083771120001,
      "times": [
        6.986083771120001,
        6.61454816412,
        6.712165837120001
      ],
      "exit_codes": [
        0,
        0,
        0
      ]
    }
  ]
}
