{
  "results": [
    {
      "command": "./scripts/target/hacker.sh original p23 -j 1 --log-prog-name p23.original.1",
      "mean": 3609.6251125620533,
      "stddev": 5.105467569203213,
      "median": 3611.55224813872,
      "user": 36.15716048666666,
      "system": 5.507042413333333,
      "min": 3603.83656700672,
      "max": 3613.48652254072,
      "times": [
        3613.48652254072,
        3603.83656700672,
        3611.55224813872
      ],
      "exit_codes": [
        0,
        0,
        0
      ]
    }
  ]
}
