{
  "results": [
    {
      "command": "./scripts/target/hacker.sh inferred p23 -j 24 --log-prog-name p23.24",
      "mean": 5.109793348766666,
      "stddev": 0.13959203245887744,
      "median": 5.0997407401,
      "user": 6.086676439999999,
      "system": 1.3131610333333334,
      "min": 4.9754993591,
      "max": 5.2541399471,
      "times": [
        5.0997407401,
        4.9754993591,
        5.2541399471
      ],
      "exit_codes": [
        0,
        0,
        0
      ]
    }
  ]
}
