{
  "results": [
    {
      "command": "./scripts/target/hacker.sh stdlib_fixed_imm p24 -j 1 --log-prog-name p24.std.fixed.imm.1",
      "mean": 3623.5500855799996,
      "stddev": 0.03569797298829195,
      "median": 3623.5511074499996,
      "user": 47.5976947,
      "system": 5.5090343,
      "min": 3623.5138876429996,
      "max": 3623.5852616469997,
      "times": [
        3623.5852616469997,
        3623.5138876429996,
        3623.5511074499996
      ],
      "exit_codes": [
        0,
        0,
        0
      ]
    }
  ]
}
