{
  "results": [
    {
      "command": "./scripts/target/hacker.sh inferred p24 -j 8 --log-prog-name p24.8",
      "mean": 32.59341993144,
      "stddev": 10.58195514502756,
      "median": 27.35529402444,
      "user": 115.82913699333331,
      "system": 6.6270287266666665,
      "min": 25.65218464544,
      "max": 44.77278112444,
      "times": [
        27.35529402444,
        44.77278112444,
        25.65218464544
      ],
      "exit_codes": [
        0,
        0,
        0
      ]
    }
  ]
}
