{
  "results": [
    {
      "command": "./scripts/target/hacker.sh original p24 -j 1 --log-prog-name p24.original.1",
      "mean": 3623.3650189528603,
      "stddev": 0.1351808933328359,
      "median": 3623.3085433148603,
      "user": 98.82320352666666,
      "system": 6.134494360000001,
      "min": 3623.2672339538603,
      "max": 3623.51927958986,
      "times": [
        3623.51927958986,
        3623.3085433148603,
        3623.2672339538603
      ],
      "exit_codes": [
        0,
        0,
        0
      ]
    }
  ]
}
