{
  "results": [
    {
      "command": "./scripts/target/hacker.sh inferred p24 -j 16 --log-prog-name p24.16",
      "mean": 45.08241617464,
      "stddev": 2.940206190366667,
      "median": 44.59002145064,
      "user": 331.40424196666663,
      "system": 16.345653593333335,
      "min": 42.41949459464,
      "max": 48.23773247864,
      "times": [
        48.23773247864,
        44.59002145064,
        42.41949459464
      ],
      "exit_codes": [
        0,
        0,
        0
      ]
    }
  ]
}
