{
  "results": [
    {
      "command": "./scripts/target/hacker.sh optimal p24 -j 72 --log-prog-name p24.optimal.72",
      "mean": 6.8121522239733325,
      "stddev": 0.08550444366700624,
      "median": 6.85701007364,
      "user": 3.8955784666666666,
      "system": 0.6704809666666666,
      "min": 6.71355348964,
      "max": 6.86589310864,
      "times": [
        6.71355348964,
        6.85701007364,
        6.86589310864
      ],
      "exit_codes": [
        0,
        0,
        0
      ]
    }
  ]
}
