{
  "results": [
    {
      "command": "./scripts/target/hacker.sh original p24 -j 72 --log-prog-name p24.original.72",
      "mean": 3623.701122228447,
      "stddev": 0.33999310237569363,
      "median": 3623.69621527778,
      "user": 138.83928537333335,
      "system": 11.518151293333332,
      "min": 3623.36360915978,
      "max": 3624.0435422477804,
      "times": [
        3623.69621527778,
        3623.36360915978,
        3624.0435422477804
      ],
      "exit_codes": [
        0,
        0,
        0
      ]
    }
  ]
}
