{
  "results": [
    {
      "command": "./scripts/target/hacker.sh inferred p24 -j 4 --log-prog-name p24.4",
      "mean": 44.41640943509333,
      "stddev": 1.403532859873146,
      "median": 43.636161820759995,
      "user": 95.93905364666666,
      "system": 5.285995693333333,
      "min": 43.57636466276,
      "max": 46.03670182176,
      "times": [
        43.636161820759995,
        43.57636466276,
        46.03670182176
      ],
      "exit_codes": [
        0,
        0,
        0
      ]
    }
  ]
}
