{
  "results": [
    {
      "command": "./scripts/target/hacker.sh optimal p24 -j 1 --log-prog-name p24.optimal.1",
      "mean": 10.877053766153333,
      "stddev": 0.15153762116803016,
      "median": 10.91240663582,
      "user": 7.910690333333332,
      "system": 1.0338676199999999,
      "min": 10.710964792819999,
      "max": 11.00778986982,
      "times": [
        10.91240663582,
        10.710964792819999,
        11.00778986982
      ],
      "exit_codes": [
        0,
        0,
        0
      ]
    }
  ]
}
