{
  "results": [
    {
      "command": "./hacker.sh original-fixed-imm p24 -j 72 --log-prog-name p24.original.fixed.imm.72",
      "mean": 1342.39184249766,
      "stddev": 8.13714914028805,
      "median": 1345.74115721766,
      "user": 1366.4670058199997,
      "system": 3.2111074599999996,
      "min": 1333.11456951466,
      "max": 1348.31980076066,
      "times": [
        1333.11456951466,
        1345.74115721766,
        1348.31980076066
      ],
      "exit_codes": [
        0,
        0,
        0
      ]
    }
  ]
}
