{
  "results": [
    {
      "command": "./scripts/target/hacker.sh inferred p24 -j 2 --log-prog-name p24.2",
      "mean": 78.16652784153335,
      "stddev": 6.280903578277138,
      "median": 74.70997614420001,
      "user": 120.02183821999999,
      "system": 3.067185573333333,
      "min": 74.37312482120001,
      "max": 85.4164825592,
      "times": [
        74.37312482120001,
        74.70997614420001,
        85.4164825592
      ],
      "exit_codes": [
        0,
        0,
        0
      ]
    }
  ]
}
