{
  "results": [
    {
      "command": "./scripts/target/hacker.sh inferred p24 -j 24 --log-prog-name p24.24",
      "mean": 26.476731260513333,
      "stddev": 1.3580116930868111,
      "median": 26.97123397118,
      "user": 232.11231718,
      "system": 14.840257793333334,
      "min": 24.94076113818,
      "max": 27.51819867218,
      "times": [
        26.97123397118,
        24.94076113818,
        27.51819867218
      ],
      "exit_codes": [
        0,
        0,
        0
      ]
    }
  ]
}
