{
  "results": [
    {
      "command": "./scripts/target/hacker.sh inferred p24 -j 72 --log-prog-name p24.72",
      "mean": 23.146588555746664,
      "stddev": 1.465036560700925,
      "median": 22.45386159308,
      "user": 452.69960154666666,
      "system": 43.91176378666666,
      "min": 22.15637838008,
      "max": 24.82952569408,
      "times": [
        24.82952569408,
        22.45386159308,
        22.15637838008
      ],
      "exit_codes": [
        0,
        0,
        0
      ]
    }
  ]
}
