{
  "results": [
    {
      "command": "./hacker.sh optimal-fixed-imm p24 -j 72 --log-prog-name p24.optimal.fixed.imm.72",
      "mean": 4.377084901486667,
      "stddev": 0.06589905558199481,
      "median": 4.36784750482,
      "user": 3.3993490266666666,
      "system": 0.5097510333333334,
      "min": 4.31629191582,
      "max": 4.44711528382,
      "times": [
        4.44711528382,
        4.31629191582,
        4.36784750482
      ],
      "exit_codes": [
        0,
        0,
        0
      ]
    }
  ]
}
