{
  "results": [
    {
      "command": "./scripts/target/hacker.sh inferred p24 -j 1 --log-prog-name p24.1",
      "mean": 142.69440811883337,
      "stddev": 1.3085093313805451,
      "median": 142.06242434950002,
      "user": 149.2503638533333,
      "system": 1.3729382,
      "min": 141.8218529675,
      "max": 144.1989470395,
      "times": [
        142.06242434950002,
        141.8218529675,
        144.1989470395
      ],
      "exit_codes": [
        0,
        0,
        0
      ]
    }
  ]
}
