{
  "results": [
    {
      "command": "./scripts/target/hacker.sh stdlib p24 -j 1 --log-prog-name p24.std.1",
      "mean": 3623.453546731593,
      "stddev": 0.09462561602613331,
      "median": 3623.45478595226,
      "user": 46.91045661999999,
      "system": 5.739958399999999,
      "min": 3623.3583075912597,
      "max": 3623.54754665126,
      "times": [
        3623.3583075912597,
        3623.45478595226,
        3623.54754665126
      ],
      "exit_codes": [
        0,
        0,
        0
      ]
    }
  ]
}
