{
  "results": [
    {
      "command": "./scripts/target/hacker.sh inferred p24 -j 48 --log-prog-name p24.48",
      "mean": 20.97542405644,
      "stddev": 2.5458022351824003,
      "median": 20.75836365044,
      "user": 334.01652349333335,
      "system": 28.911250906666666,
      "min": 18.54510164344,
      "max": 23.62280687544,
      "times": [
        23.62280687544,
        18.54510164344,
        20.75836365044
      ],
      "exit_codes": [
        0,
        0,
        0
      ]
    }
  ]
}
