{
  "results": [
    {
      "command": "./scripts/target/hacker.sh optimal p25 -j 72 --log-prog-name p25.optimal.72",
      "mean": 53.61441138002001,
      "stddev": 0.04471648288435008,
      "median": 53.62820212402001,
      "user": 52.730727779999995,
      "system": 0.59297098,
      "min": 53.564423951020004,
      "max": 53.65060806502,
      "times": [
        53.62820212402001,
        53.65060806502,
        53.564423951020004
      ],
      "exit_codes": [
        0,
        0,
        0
      ]
    }
  ]
}
