{
  "results": [
    {
      "command": "./scripts/target/hacker.sh inferred p25 -j 16 --log-prog-name p25.16",
      "mean": 56.052656367046666,
      "stddev": 0.14930643886508707,
      "median": 55.96963879938,
      "user": 60.13484789333333,
      "system": 2.1987165799999997,
      "min": 55.96330845338,
      "max": 56.22502184838,
      "times": [
        55.96330845338,
        56.22502184838,
        55.96963879938
      ],
      "exit_codes": [
        0,
        0,
        0
      ]
    }
  ]
}
