{
  "results": [
    {
      "command": "./scripts/target/hacker.sh stdlib_fixed_imm p25 -j 1 --log-prog-name p25.std.fixed.imm.1",
      "mean": 3603.4912954157803,
      "stddev": 0.03733217259622029,
      "median": 3603.47877089078,
      "user": 45.092426393333334,
      "system": 5.303303526666666,
      "min": 3603.46183592978,
      "max": 3603.53327942678,
      "times": [
        3603.46183592978,
        3603.53327942678,
        3603.47877089078
      ],
      "exit_codes": [
        0,
        0,
        0
      ]
    }
  ]
}
