{
  "results": [
    {
      "command": "./scripts/target/hacker.sh optimal p25 -j 1 --log-prog-name p25.optimal.1",
      "mean": 61.104940049179994,
      "stddev": 7.656508269972308,
      "median": 56.972789956179994,
      "user": 59.36900355333333,
      "system": 1.964551293333333,
      "min": 56.402254456179996,
      "max": 69.93977573517999,
      "times": [
        56.402254456179996,
        56.972789956179994,
        69.93977573517999
      ],
      "exit_codes": [
        0,
        0,
        0
      ]
    }
  ]
}
