{
  "results": [
    {
      "command": "./scripts/target/hacker.sh inferred p25 -j 4 --log-prog-name p25.4",
      "mean": 53.937983800306675,
      "stddev": 0.04010578649060404,
      "median": 53.95950904264,
      "user": 104.36031208666667,
      "system": 1.10599072,
      "min": 53.89171101064,
      "max": 53.96273134764,
      "times": [
        53.95950904264,
        53.89171101064,
        53.96273134764
      ],
      "exit_codes": [
        0,
        0,
        0
      ]
    }
  ]
}
