{
  "results": [
    {
      "command": "./scripts/target/hacker.sh inferred p25 -j 2 --log-prog-name p25.2",
      "mean": 54.44022442973333,
      "stddev": 0.07736959390620717,
      "median": 54.409674262399996,
      "user": 70.27523680666665,
      "system": 0.7154867866666668,
      "min": 54.382794152399995,
      "max": 54.5282048744,
      "times": [
        54.409674262399996,
        54.382794152399995,
        54.5282048744
      ],
      "exit_codes": [
        0,
        0,
        0
      ]
    }
  ]
}
