{
  "results": [
    {
      "command": "./scripts/target/hacker.sh inferred p25 -j 24 --log-prog-name p25.24",
      "mean": 54.557313683560004,
      "stddev": 0.10982512175140874,
      "median": 54.604968840560005,
      "user": 107.06882178,
      "system": 1.8082837533333331,
      "min": 54.431710386560006,
      "max": 54.63526182356,
      "times": [
        54.431710386560006,
        54.604968840560005,
        54.63526182356
      ],
      "exit_codes": [
        0,
        0,
        0
      ]
    }
  ]
}
