{
  "results": [
    {
      "command": "./scripts/target/hacker.sh inferred p25 -j 1 --log-prog-name p25.1",
      "mean": 54.13936487938667,
      "stddev": 0.10993455097641959,
      "median": 54.10123004772,
      "user": 53.33949938,
      "system": 0.5767929133333334,
      "min": 54.05357569572,
      "max": 54.26328889472,
      "times": [
        54.26328889472,
        54.05357569572,
        54.10123004772
      ],
      "exit_codes": [
        0,
        0,
        0
      ]
    }
  ]
}
