{
  "results": [
    {
      "command": "./scripts/target/hacker.sh original p25 -j 1 --log-prog-name p25.original.1",
      "mean": 3603.544014392693,
      "stddev": 0.04157237998407536,
      "median": 3603.5314271593597,
      "user": 50.61116828666667,
      "system": 4.35222402,
      "min": 3603.5101902583597,
      "max": 3603.5904257603597,
      "times": [
        3603.5314271593597,
        3603.5904257603597,
        3603.5101902583597
      ],
      "exit_codes": [
        0,
        0,
        0
      ]
    }
  ]
}
