{
  "results": [
    {
      "command": "./hacker.sh original-fixed-imm p25 -j 72 --log-prog-name p25.original.fixed.imm.72",
      "mean": 3603.029919659953,
      "stddev": 0.03546932978129541,
      "median": 3603.0143635546196,
      "user": 39.29143176666667,
      "system": 4.604008106666668,
      "min": 3603.00488644862,
      "max": 3603.0705089766197,
      "times": [
        3603.0143635546196,
        3603.0705089766197,
        3603.00488644862
      ],
      "exit_codes": [
        0,
        0,
        0
      ]
    }
  ]
}
