{
  "results": [
    {
      "command": "./scripts/target/hacker.sh inferred p25 -j 8 --log-prog-name p25.8",
      "mean": 54.02127652480001,
      "stddev": 0.11800596852697655,
      "median": 53.9671413608,
      "user": 120.94768618666667,
      "system": 1.04735148,
      "min": 53.9400507708,
      "max": 54.156637442800005,
      "times": [
        53.9671413608,
        53.9400507708,
        54.156637442800005
      ],
      "exit_codes": [
        0,
        0,
        0
      ]
    }
  ]
}
