{
  "results": [
    {
      "command": "./scripts/target/hacker.sh inferred p25 -j 72 --log-prog-name p25.72",
      "mean": 55.02276155872,
      "stddev": 0.03005999739439591,
      "median": 55.03381150672,
      "user": 161.04436683333333,
      "system": 3.693231973333333,
      "min": 54.98874048972,
      "max": 55.045732679720004,
      "times": [
        55.03381150672,
        54.98874048972,
        55.045732679720004
      ],
      "exit_codes": [
        0,
        0,
        0
      ]
    }
  ]
}
