{
  "results": [
    {
      "command": "./hacker.sh optimal-fixed-imm p25 -j 72 --log-prog-name p25.optimal.fixed.imm.72",
      "mean": 53.10958028224667,
      "stddev": 0.1524682621394204,
      "median": 53.16023812158,
      "user": 53.06107762,
      "system": 0.5648344066666665,
      "min": 52.938231129580004,
      "max": 53.23027159558,
      "times": [
        52.938231129580004,
        53.23027159558,
        53.16023812158
      ],
      "exit_codes": [
        0,
        0,
        0
      ]
    }
  ]
}
