{
  "results": [
    {
      "command": "./scripts/target/hacker.sh original p25 -j 72 --log-prog-name p25.original.72",
      "mean": 3604.1602327021938,
      "stddev": 0.4729082095960746,
      "median": 3604.07333138386,
      "user": 67.98435125333333,
      "system": 9.934948146666665,
      "min": 3603.73680190386,
      "max": 3604.67056481886,
      "times": [
        3603.73680190386,
        3604.67056481886,
        3604.07333138386
      ],
      "exit_codes": [
        0,
        0,
        0
      ]
    }
  ]
}
