{
  "results": [
    {
      "command": "./scripts/target/hacker.sh stdlib p25 -j 1 --log-prog-name p25.std.1",
      "mean": 167.6924662233533,
      "stddev": 0.7737131413812303,
      "median": 167.49344095301998,
      "user": 168.40829084666666,
      "system": 1.0318569999999998,
      "min": 167.03770852802,
      "max": 168.54624918902,
      "times": [
        167.49344095301998,
        168.54624918902,
        167.03770852802
      ],
      "exit_codes": [
        0,
        0,
        0
      ]
    }
  ]
}
