{
  "results": [
    {
      "command": "./scripts/target/hacker.sh inferred p25 -j 48 --log-prog-name p25.48",
      "mean": 54.70922192639333,
      "stddev": 0.229293332142752,
      "median": 54.78445671906,
      "user": 126.87622646666667,
      "system": 3.2798245133333332,
      "min": 54.45176316306,
      "max": 54.89144589706,
      "times": [
        54.45176316306,
        54.78445671906,
        54.89144589706
      ],
      "exit_codes": [
        0,
        0,
        0
      ]
    }
  ]
}
