{
  "results": [
    {
      "command": "./scripts/target/vqsort.sh PrevValue_Ascending 128 -j 1 --log-prog-name PrevValue_Ascending_128.1  ",
      "mean": 4434.352977061087,
      "stddev": 1042.5764276076761,
      "median": 4975.569773496421,
      "user": 2341.5064893199997,
      "system": 43.99406047333333,
      "min": 3232.46648297442,
      "max": 5095.02267471242,
      "times": [
        4975.569773496421,
        3232.46648297442,
        5095.02267471242
      ],
      "exit_codes": [
        0,
        0,
        0
      ]
    }
  ]
}
