{
  "results": [
    {
      "command": "./scripts/target/vqsort.sh PrevValue_Ascending 128 -j 16 --log-prog-name PrevValue_Ascending_128.16  ",
      "mean": 185.73234410218,
      "stddev": 19.94880928593104,
      "median": 174.71864265218,
      "user": 2161.9502425533333,
      "system": 43.681683819999996,
      "min": 173.71838499417998,
      "max": 208.76000466018,
      "times": [
        174.71864265218,
        173.71838499417998,
        208.76000466018
      ],
      "exit_codes": [
        0,
        0,
        0
      ]
    }
  ]
}
