{
  "results": [
    {
      "command": "./scripts/target/vqsort.sh PrevValue_Ascending 32 -j 16 --log-prog-name PrevValue_Ascending_32.16  ",
      "mean": 7.1971746420733345,
      "stddev": 0.2541950301601968,
      "median": 7.09914119374,
      "user": 10.729229226666666,
      "system": 1.7632634066666666,
      "min": 7.006593378740001,
      "max": 7.48578935374,
      "times": [
        7.48578935374,
        7.006593378740001,
        7.09914119374
      ],
      "exit_codes": [
        0,
        0,
        0
      ]
    }
  ]
}
