{
  "results": [
    {
      "command": "./scripts/target/vqsort.sh PrevValue_Ascending 32 -j 24 --log-prog-name PrevValue_Ascending_32.24  ",
      "mean": 6.71387081672,
      "stddev": 0.187782038811309,
      "median": 6.66007197772,
      "user": 10.752462326666665,
      "system": 1.9960103866666665,
      "min": 6.55885993472,
      "max": 6.922680537720001,
      "times": [
        6.66007197772,
        6.55885993472,
        6.922680537720001
      ],
      "exit_codes": [
        0,
        0,
        0
      ]
    }
  ]
}
