{
  "results": [
    {
      "command": "./scripts/target/vqsort.sh PrevValue_Ascending 128 -j 24 --log-prog-name PrevValue_Ascending_128.24  ",
      "mean": 157.66420400776667,
      "stddev": 8.070693923953666,
      "median": 156.9115165091,
      "user": 2623.108922013333,
      "system": 53.99806257333333,
      "min": 149.9962207771,
      "max": 166.0848747371,
      "times": [
        166.0848747371,
        156.9115165091,
        149.9962207771
      ],
      "exit_codes": [
        0,
        0,
        0
      ]
    }
  ]
}
