{
  "results": [
    {
      "command": "./scripts/target/vqsort.sh SortPairsDistance4_Ascending 64 -j 1 --log-prog-name SortPairsDistance4_Ascending_64.1  ",
      "mean": 1053.3545536574534,
      "stddev": 30.762128956996424,
      "median": 1061.38522679012,
      "user": 626.9547009466668,
      "system": 10.313185613333333,
      "min": 1019.37357351812,
      "max": 1079.30486066412,
      "times": [
        1019.37357351812,
        1061.38522679012,
        1079.30486066412
      ],
      "exit_codes": [
        0,
        0,
        0
      ]
    }
  ]
}
