{
  "results": [
    {
      "command": "./scripts/target/vqsort.sh SortPairsDistance1_Ascending 64 -j 16 --log-prog-name SortPairsDistance1_Ascending_64.16  ",
      "mean": 591.2625105104734,
      "stddev": 75.31233287266666,
      "median": 562.5805412951399,
      "user": 5554.035103126666,
      "system": 105.76089840666667,
      "min": 534.50528160914,
      "max": 676.70170862714,
      "times": [
        562.5805412951399,
        534.50528160914,
        676.70170862714
      ],
      "exit_codes": [
        0,
        0,
        0
      ]
    }
  ]
}
