{
  "results": [
    {
      "command": "./scripts/target/vqsort.sh SortPairsDistance4_Ascending 64 -j 16 --log-prog-name SortPairsDistance4_Ascending_64.16  ",
      "mean": 165.86136236164,
      "stddev": 23.37272021716483,
      "median": 175.63000569864002,
      "user": 1361.7814480999998,
      "system": 35.68227795333333,
      "min": 139.18910238164,
      "max": 182.76497900464,
      "times": [
        139.18910238164,
        175.63000569864002,
        182.76497900464
      ],
      "exit_codes": [
        0,
        0,
        0
      ]
    }
  ]
}
