{
  "results": [
    {
      "command": "./scripts/target/vqsort.sh SwapAdjacentPairs 64 -j 2 --log-prog-name SwapAdjacentPairs_64.2  ",
      "mean": 18870.856021176154,
      "stddev": 14998.417975692753,
      "median": 10672.53386410082,
      "user": 23386.736041826665,
      "system": 326.98452569999995,
      "min": 9758.53810869282,
      "max": 36181.49609073482,
      "times": [
        36181.49609073482,
        9758.53810869282,
        10672.53386410082
      ],
      "exit_codes": [
        0,
        0,
        0
      ]
    }
  ]
}
