{
  "results": [
    {
      "command": "./scripts/target/zero_extend_resize_bit_cast.sh -j 48  --log-prog-name ZeroExtendResizeBitCast.48  ",
      "mean": 10.20876422472,
      "stddev": 0.1719746207020921,
      "median": 10.27607158372,
      "user": 31.315296406666665,
      "system": 5.199669553333333,
      "min": 10.01331573772,
      "max": 10.33690535272,
      "times": [
        10.27607158372,
        10.01331573772,
        10.33690535272
      ],
      "exit_codes": [
        0,
        0,
        0
      ]
    }
  ]
}
