{
  "results": [
    {
      "command": "./scripts/target/zero_extend_resize_bit_cast.sh -j 16 -a\"vuint8m2_t,vuint8m1_t\" --log-prog-name ZeroExtendResizeBitCast.Ext.16  ",
      "mean": 37.32655684402667,
      "stddev": 0.703920891574498,
      "median": 37.17409667636,
      "user": 369.73657842666665,
      "system": 19.590961153333332,
      "min": 36.71135974836,
      "max": 38.09421410736,
      "times": [
        37.17409667636,
        36.71135974836,
        38.09421410736
      ],
      "exit_codes": [
        0,
        0,
        0
      ]
    }
  ]
}
