{
  "results": [
    {
      "command": "./scripts/target/zero_extend_resize_bit_cast.sh -j 16  --log-prog-name ZeroExtendResizeBitCast.16  ",
      "mean": 12.880236601886667,
      "stddev": 1.0584654086042151,
      "median": 13.088905037220002,
      "user": 31.863573366666667,
      "system": 3.1367079066666665,
      "min": 11.73297758622,
      "max": 13.818827182220002,
      "times": [
        13.088905037220002,
        13.818827182220002,
        11.73297758622
      ],
      "exit_codes": [
        0,
        0,
        0
      ]
    }
  ]
}
